"","date","S65E_NITRATE+NITRITE-N_mg/L","days"
"1",1973-04-16,0.027,16
"2",1973-04-23,0.006,23
"3",1973-04-30,0.009,29
"4",1973-05-07,0.023,36
"5",1973-05-14,0.024,43
"6",1973-05-21,NA,50
"7",1973-05-29,NA,58
"8",1973-06-04,NA,64
"9",1973-06-11,0.021,71
"10",1973-06-13,NA,73
"11",1973-06-18,NA,78
"12",1973-06-25,0.04,85
"13",1973-07-02,0.02,92
"14",1973-07-09,0.043,99
"15",1973-07-16,0.0236666666666667,106
"16",1973-07-23,0.136,113
"17",1973-07-30,0.02,120
"18",1973-08-06,0.025,127
"19",1973-08-13,NA,134
"20",1973-08-20,NA,141
"21",1973-08-27,0.054,148
"22",1973-08-29,NA,150
"23",1973-09-04,0.013,156
"24",1973-09-10,0.029,162
"25",1973-09-17,0.015,169
"26",1973-09-24,0.014,176
"27",1973-10-01,0.044,183
"28",1973-10-02,0.037,184
"29",1973-10-08,0.011,190
"30",1973-10-15,0.036,197
"31",1973-10-23,0.087,205
"32",1973-10-29,0.276,212
"33",1973-11-07,0.308,221
"34",1973-11-12,0.09,226
"35",1973-11-13,0.31,227
"36",1973-11-26,0.256,240
"37",1973-12-03,0.168,247
"38",1973-12-05,0.366,249
"39",1973-12-10,0.14,254
"40",1973-12-11,0.25,255
"41",1973-12-17,0.265,261
"42",1974-01-02,0.196,277
"43",1974-01-08,0.2455,282
"44",1974-01-14,0.21,288
"45",1974-01-28,0.196,302
"46",1974-02-11,0.144,316
"47",1974-02-12,0.256,317
"48",1974-02-25,0.202,330
"49",1974-03-05,0.116,338
"50",1974-03-11,0.008,344
"51",1974-03-25,0.022,358
"52",1974-04-02,0.0295,366
"53",1974-04-08,0.091,372
"54",1974-04-22,0.186,386
"55",1974-05-07,0.0025,401
"56",1974-05-13,0.048,407
"57",1974-05-28,0.009,422
"58",1974-06-10,0.18,435
"59",1974-06-11,0.02,436
"60",1974-06-24,0.034,449
"61",1974-07-08,0.013,463
"62",1974-07-09,0.0195,464
"63",1974-07-22,0.015,477
"64",1974-08-05,0.15,491
"65",1974-08-13,0.065,499
"66",1974-08-19,0.072,505
"67",1974-09-03,0.112,520
"68",1974-09-10,0.091,527
"69",1974-09-16,0.092,533
"70",1974-09-30,0.117,547
"71",1974-10-08,0.1295,555
"72",1974-10-14,0.144,561
"73",1974-10-28,0.198,576
"74",1974-11-05,0.2235,584
"75",1974-11-12,0.011,591
"76",1974-12-10,0.309,619
"77",1975-01-07,0.429,647
"78",1975-02-04,0.3585,675
"79",1975-03-05,0.2695,703
"80",1975-04-08,0.124,737
"81",1975-05-06,0.0155,765
"82",1975-06-03,NA,793
"83",1975-07-15,0.0845,835
"84",1975-08-12,0.3315,863
"85",1975-09-12,0.0715,894
"86",1975-10-27,0.321,940
"87",1975-10-28,0.2955,941
"88",1975-11-18,0.076,962
"89",1976-02-12,0.1065,1048
"90",1976-05-11,0.011,1136
"91",1976-06-22,0.034,1178
"92",1976-06-25,0.036,1181
"93",1976-07-20,0.046,1206
"94",1976-08-24,0.009,1241
"95",1976-09-21,0.024,1269
"96",1976-10-19,0.095,1297
"97",1976-12-06,0.3145,1346
"98",1977-01-25,0.0075,1396
"99",1977-03-21,0.018,1451
"100",1977-05-23,0.1195,1513
"101",1977-07-25,0.001,1576
"102",1977-09-20,0.0485,1633
"103",1977-12-01,0.4265,1706
"104",1978-01-24,0.2715,1760
"105",1978-03-21,0.01,1816
"106",1978-05-30,0.005,1885
"107",1978-06-21,0.012,1907
"108",1978-07-25,0.0245,1941
"109",1978-08-22,0.0095,1969
"110",1978-09-18,0.03,1996
"111",1978-10-09,0.036,2017
"112",1978-10-17,0.0655,2025
"113",1978-10-23,0.161,2031
"114",1978-11-14,0.297,2054
"115",1978-11-20,0.282,2060
"116",1978-12-04,0.22,2074
"117",1978-12-12,0.396,2082
"118",1978-12-19,0.374,2089
"119",1979-01-08,0.196,2109
"120",1979-01-22,0.006,2123
"121",1979-01-23,0.009,2124
"122",1979-02-05,NA,2137
"123",1979-02-20,NA,2152
"124",1979-03-05,0,2165
"125",1979-03-19,0.00233333333333333,2179
"126",1979-04-02,0.015,2193
"127",1979-04-16,NA,2207
"128",1979-04-24,0.157,2215
"129",1979-04-30,0.123666666666667,2220
"130",1979-05-14,0.043,2234
"131",1979-05-22,5e-04,2242
"132",1979-05-29,NA,2249
"133",1979-06-11,0.011,2262
"134",1979-06-18,0.031,2269
"135",1979-06-25,0.037,2276
"136",1979-07-09,NA,2290
"137",1979-07-17,0.0045,2298
"138",1979-07-23,NA,2304
"139",1979-08-06,NA,2318
"140",1979-08-20,0.041,2332
"141",1979-08-21,0.037,2333
"142",1979-09-05,0.025,2348
"143",1979-09-18,0.0146666666666667,2361
"144",1979-10-01,0.033,2374
"145",1979-10-02,0.029,2375
"146",1979-10-15,0.027,2388
"147",1979-10-29,0.067,2403
"148",1979-11-13,0.219,2418
"149",1979-12-11,0.203,2446
"150",1980-01-08,0.079,2474
"151",1980-01-22,0.102,2488
"152",1980-02-19,0.108,2516
"153",1980-03-04,0.062,2530
"154",1980-03-18,0.024,2544
"155",1980-04-02,0.065,2559
"156",1980-04-16,0.066,2573
"157",1980-04-30,0.105,2586
"158",1980-05-12,0.00833333333333333,2598
"159",1980-05-13,NA,2599
"160",1980-05-28,NA,2614
"161",1980-06-09,0.002,2626
"162",1980-06-25,NA,2642
"163",1980-07-07,0.017,2654
"164",1980-07-08,0.019,2655
"165",1980-07-24,NA,2671
"166",1980-08-04,0.0055,2682
"167",1980-08-20,0.004,2698
"168",1980-09-03,0.38,2712
"169",1980-09-17,0.06,2726
"170",1980-09-30,0.445,2739
"171",1980-10-01,0.202,2740
"172",1980-10-14,0.393,2753
"173",1980-10-28,0.308,2768
"174",1980-10-29,0.263,2769
"175",1980-11-12,0.29,2783
"176",1980-11-25,0.381,2796
"177",1980-12-02,0.369,2803
"178",1980-12-23,0.422,2824
"179",1980-12-31,0.434,2832
"180",1981-01-14,0.496,2846
"181",1981-01-20,0.455,2852
"182",1981-01-27,0.457,2859
"183",1981-02-11,0.43,2874
"184",1981-02-17,0.433,2880
"185",1981-02-24,0.456,2887
"186",1981-03-11,0.381,2902
"187",1981-03-16,0.353,2907
"188",1981-03-24,0.361,2915
"189",1981-04-08,0.281,2930
"190",1981-04-13,0.26,2935
"191",1981-04-21,0.09,2943
"192",1981-05-06,0.172,2957
"193",1981-05-11,0.168,2962
"194",1981-05-19,0.123,2970
"195",1981-06-02,0.027,2984
"196",1981-06-08,NA,2990
"197",1981-06-17,NA,2999
"198",1981-06-30,NA,3012
"199",1981-07-06,NA,3018
"200",1981-07-16,NA,3028
"201",1981-07-28,0.004,3040
"202",1981-08-03,NA,3046
"203",1981-08-12,0.005,3055
"204",1981-08-25,NA,3068
"205",1981-08-31,0.02,3074
"206",1981-09-10,0.043,3084
"207",1981-09-23,0.021,3097
"208",1981-09-28,0.0193333333333333,3102
"209",1981-10-06,0.04,3110
"210",1981-10-20,0.263,3124
"211",1981-10-26,0.374,3131
"212",1981-11-04,0.394,3140
"213",1981-11-23,0.436333333333333,3159
"214",1981-12-02,0.435,3168
"215",1981-12-21,0.358,3187
"216",1981-12-29,0.36,3195
"217",1982-01-18,0.372,3215
"218",1982-02-16,0.368,3244
"219",1982-02-24,0.334,3252
"220",1982-03-09,0.349,3265
"221",1982-03-15,0.479,3271
"222",1982-04-05,0.354,3292
"223",1982-04-12,0.327,3299
"224",1982-04-19,0.251,3306
"225",1982-05-04,NA,3320
"226",1982-05-10,0.00466666666666667,3326
"227",1982-05-18,NA,3334
"228",1982-06-01,0.007,3348
"229",1982-06-07,0.02,3354
"230",1982-06-14,0.007,3361
"231",1982-07-01,NA,3378
"232",1982-07-07,0.009,3384
"233",1982-07-12,0.011,3389
"234",1982-07-27,0.027,3404
"235",1982-08-02,0.026,3410
"236",1982-08-09,0.049,3417
"237",1982-08-25,0.04,3433
"238",1982-09-01,0.03,3440
"239",1982-09-09,0.056,3448
"240",1982-09-21,0.057,3460
"241",1982-09-27,0.057,3466
"242",1982-10-05,0.062,3474
"243",1982-10-20,0.0673333333333333,3489
"244",1982-10-26,0.07,3495
"245",1982-11-01,0.097,3502
"246",1982-11-22,0.1725,3523
"247",1982-12-06,0.237,3537
"248",1982-12-20,0.262,3551
"249",1982-12-22,0.235,3553
"250",1983-01-04,0.193,3566
"251",1983-01-18,0.212,3580
"252",1983-01-19,0.219,3581
"253",1983-02-01,0.176,3594
"254",1983-02-15,0.087,3608
"255",1983-02-17,0.074,3610
"256",1983-03-02,0.103,3623
"257",1983-03-15,0.097,3636
"258",1983-03-17,0.094,3638
"259",1983-03-29,0.038,3650
"260",1983-04-14,0.09,3666
"261",1983-04-15,0.089,3667
"262",1983-04-26,0.057,3677
"263",1983-05-11,0.053,3692
"264",1983-05-12,0.042,3693
"265",1983-05-24,0.025,3705
"266",1983-06-07,0.061,3719
"267",1983-06-09,0.128,3721
"268",1983-06-21,0.034,3733
"269",1983-07-06,NA,3748
"270",1983-07-07,NA,3749
"271",1983-07-19,NA,3761
"272",1983-08-02,0.016,3775
"273",1983-08-03,0.015,3776
"274",1983-08-16,NA,3789
"275",1983-08-30,NA,3803
"276",1983-09-01,0.023,3805
"277",1983-09-12,0.016,3816
"278",1983-09-27,0.005,3831
"279",1983-09-28,0.006,3832
"280",1983-10-10,0.008,3844
"281",1983-10-25,0.079,3859
"282",1983-10-28,0.164,3862
"283",1983-11-08,0.321,3874
"284",1983-11-16,0.295,3882
"285",1983-11-21,0.243,3887
"286",1983-12-20,0.237,3916
"287",1983-12-29,NA,3925
"288",1984-01-04,0.004,3931
"289",1984-01-17,0.01,3944
"290",1984-01-25,0.031,3952
"291",1984-01-31,0.015,3958
"292",1984-02-14,0.018,3972
"293",1984-02-23,0.032,3981
"294",1984-02-29,0.049,3987
"295",1984-03-13,0.027,4000
"296",1984-03-21,0.023,4008
"297",1984-03-27,0.048,4014
"298",1984-04-09,0.012,4027
"299",1984-04-18,0.017,4036
"300",1984-05-31,NA,4078
"301",1984-06-04,NA,4082
"302",1984-06-19,0.022,4097
"303",1984-06-27,0.032,4105
"304",1984-07-31,0.036,4139
"305",1984-08-13,0.004,4152
"306",1984-08-22,0.022,4161
"307",1984-08-27,0.015,4166
"308",1984-09-10,0.018,4180
"309",1984-09-21,0.021,4191
"310",1984-09-25,0.054,4195
"311",1984-10-09,0.222,4209
"312",1984-10-23,0.214,4223
"313",1984-10-30,0.172666666666667,4231
"314",1984-11-06,0.161,4238
"315",1984-11-14,0.24,4246
"316",1984-12-04,0.221,4266
"317",1984-12-18,0.204,4280
"318",1984-12-27,0.162,4289
"319",1985-01-15,0.121,4308
"320",1985-01-24,0.15,4317
"321",1985-02-20,0.072,4344
"322",1985-02-26,0.051,4350
"323",1985-03-20,0.025,4372
"324",1985-03-26,0.052,4378
"325",1985-04-17,0.00933333333333333,4400
"326",1985-04-23,0.045,4406
"327",1985-05-06,0.005,4418
"328",1985-05-16,NA,4428
"329",1985-05-20,0.011,4432
"330",1985-06-19,NA,4462
"331",1985-06-26,0.005,4469
"332",1985-07-02,NA,4475
"333",1985-07-23,0.052,4496
"334",1985-07-30,0.2,4503
"335",1985-08-21,0.014,4525
"336",1985-08-27,0.04,4531
"337",1985-09-09,0.041,4544
"338",1985-09-19,0.055,4554
"339",1985-09-24,0.09,4559
"340",1985-10-08,0.109,4573
"341",1985-10-17,0.089,4582
"342",1985-10-22,0.092,4587
"343",1985-11-05,0.248,4602
"344",1985-11-14,0.233,4611
"345",1985-12-03,0.239,4630
"346",1985-12-12,0.253,4639
"347",1986-01-14,0.176,4672
"348",1986-01-16,0.161,4674
"349",1986-01-28,NA,4686
"350",1986-02-12,0.004,4701
"351",1986-02-18,NA,4707
"352",1986-02-25,NA,4714
"353",1986-03-18,0.031,4735
"354",1986-03-25,0.07,4742
"355",1986-04-08,NA,4756
"356",1986-04-15,0.004,4763
"357",1986-04-22,0.005,4770
"358",1986-05-06,0.013,4783
"359",1986-05-14,0.021,4791
"360",1986-05-20,0.018,4797
"361",1986-06-04,NA,4812
"362",1986-06-19,NA,4827
"363",1986-07-01,0.017,4839
"364",1986-07-15,0.031,4853
"365",1986-07-17,0.015,4855
"366",1986-07-29,0.031,4867
"367",1986-08-14,0.0305,4883
"368",1986-08-26,0.065,4895
"369",1986-09-09,0.016,4909
"370",1986-09-10,0.03,4910
"371",1986-09-23,0.036,4923
"372",1986-10-07,0.062,4937
"373",1986-10-09,0.05,4939
"374",1986-10-21,0.131,4951
"375",1986-11-04,0.22,4966
"376",1986-11-06,0.267,4968
"377",1986-11-18,0.209,4980
"378",1986-12-03,0.195,4995
"379",1986-12-04,0.213,4996
"380",1986-12-18,0.21,5010
"381",1987-01-07,0.099,5030
"382",1987-01-08,0.103,5031
"383",1987-01-15,0.01,5038
"384",1987-01-22,NA,5045
"385",1987-01-29,0.019,5052
"386",1987-02-03,0.006,5057
"387",1987-02-05,0.016,5059
"388",1987-02-12,0.038,5066
"389",1987-02-18,0.038,5072
"390",1987-02-19,0.044,5073
"391",1987-02-26,0.091,5080
"392",1987-03-03,0.037,5085
"393",1987-03-05,0.044,5087
"394",1987-03-12,0.057,5094
"395",1987-03-17,0.019,5099
"396",1987-03-19,0.006,5101
"397",1987-03-26,0.011,5108
"398",1987-03-31,0.049,5113
"399",1987-04-14,0.023,5126
"400",1987-04-22,0.016,5134
"401",1987-04-28,0.026,5140
"402",1987-05-11,0.033,5153
"403",1987-05-13,0.043,5155
"404",1987-05-20,0.077,5162
"405",1987-05-26,0.074,5168
"406",1987-06-01,0.035,5174
"407",1987-06-17,0.004,5190
"408",1987-06-24,NA,5197
"409",1987-07-01,0.008,5204
"410",1987-07-08,0.006,5211
"411",1987-07-16,0.006,5219
"412",1987-07-21,0.016,5224
"413",1987-07-30,0.008,5233
"414",1987-08-04,0.016,5238
"415",1987-08-12,0.012,5246
"416",1987-08-18,0.035,5252
"417",1987-08-28,0.024,5262
"418",1987-09-09,0.004,5274
"419",1987-09-24,0.01,5289
"420",1987-09-29,0.021,5294
"421",1987-10-07,0.062,5302
"422",1987-10-13,0.136,5308
"423",1987-10-21,0.057,5316
"424",1987-10-28,0.065,5324
"425",1987-11-04,0.062,5331
"426",1987-11-10,0.058,5337
"427",1987-11-18,0.077,5345
"428",1987-11-24,0.054,5351
"429",1987-12-03,0.023,5360
"430",1987-12-08,0.028,5365
"431",1987-12-17,0.048,5374
"432",1987-12-22,0.049,5379
"433",1987-12-28,0.058,5385
"434",1987-12-30,0.057,5387
"435",1988-01-01,0.058,5389
"436",1988-01-03,0.053,5391
"437",1988-01-05,0.073,5393
"438",1988-01-06,0.0835,5394
"439",1988-01-07,0.081,5395
"440",1988-01-09,0.077,5397
"441",1988-01-10,0.052,5398
"442",1988-01-12,0.082,5400
"443",1988-01-13,0.107,5401
"444",1988-01-14,0.112,5402
"445",1988-01-15,0.113,5403
"446",1988-01-19,0.138,5407
"447",1988-01-21,0.1275,5409
"448",1988-01-22,0.118,5410
"449",1988-01-23,0.114,5411
"450",1988-01-25,0.143,5413
"451",1988-01-26,0.115,5414
"452",1988-01-27,0.112,5415
"453",1988-01-29,0.092,5417
"454",1988-02-01,0.087,5420
"455",1988-02-02,0.069,5421
"456",1988-02-04,0.087,5423
"457",1988-02-06,0.075,5425
"458",1988-02-08,0.062,5427
"459",1988-02-11,0.075,5430
"460",1988-02-14,0.081,5433
"461",1988-02-16,0.07,5435
"462",1988-02-17,0.082,5436
"463",1988-02-18,0.089,5437
"464",1988-02-20,0.069,5439
"465",1988-02-22,0.0825,5441
"466",1988-02-23,0.083,5442
"467",1988-02-25,0.074,5444
"468",1988-02-26,0.086,5445
"469",1988-02-27,0.084,5446
"470",1988-02-29,0.093,5448
"471",1988-03-01,0.0915,5449
"472",1988-03-03,0.098,5451
"473",1988-03-05,0.057,5453
"474",1988-03-06,0.043,5454
"475",1988-03-07,0.088,5455
"476",1988-03-08,0.092,5456
"477",1988-03-10,0.069,5458
"478",1988-03-13,0.095,5461
"479",1988-03-14,0.0925,5462
"480",1988-03-15,0.06,5463
"481",1988-03-16,0.088,5464
"482",1988-03-17,0.061,5465
"483",1988-03-19,0.077,5467
"484",1988-03-20,0.073,5468
"485",1988-03-21,0.1465,5469
"486",1988-03-22,0.112,5470
"487",1988-03-23,0.094,5471
"488",1988-03-28,0.0035,5476
"489",1988-03-29,0.011,5477
"490",1988-03-30,0.299,5478
"491",1988-04-01,0.112,5480
"492",1988-04-02,0.038,5481
"493",1988-04-03,0.029,5482
"494",1988-04-04,0.058,5482
"495",1988-04-06,0.087,5484
"496",1988-04-07,0.076,5485
"497",1988-04-08,0.095,5486
"498",1988-04-09,0.0345,5487
"499",1988-04-10,0.006,5488
"500",1988-04-11,0.0956666666666667,5489
"501",1988-04-12,0.118666666666667,5490
"502",1988-04-13,0.197,5491
"503",1988-04-14,0.1,5492
"504",1988-04-18,0.14075,5496
"505",1988-04-19,0.174,5497
"506",1988-04-20,0.21,5498
"507",1988-04-21,0.19,5499
"508",1988-04-22,0.095,5500
"509",1988-04-23,0.048,5501
"510",1988-04-24,0.022,5502
"511",1988-04-25,0.05,5503
"512",1988-04-26,0.044,5504
"513",1988-04-28,0.069,5506
"514",1988-04-29,0.072,5507
"515",1988-04-30,0.087,5508
"516",1988-05-01,0.098,5509
"517",1988-05-02,0.113,5510
"518",1988-05-03,0.111,5511
"519",1988-05-04,0.146,5512
"520",1988-05-05,0.103,5513
"521",1988-05-06,0.107,5514
"522",1988-05-08,0.088,5516
"523",1988-05-09,0.111,5517
"524",1988-05-10,0.106,5518
"525",1988-05-11,0.088,5519
"526",1988-05-12,0.1,5520
"527",1988-05-13,0.0665,5521
"528",1988-05-14,0.0505,5522
"529",1988-05-17,0.0956666666666667,5525
"530",1988-05-18,0.24,5526
"531",1988-05-22,0.077,5530
"532",1988-05-23,0.013,5531
"533",1988-05-24,0.051,5532
"534",1988-05-25,0.028,5533
"535",1988-05-26,0.009,5534
"536",1988-05-28,0.007,5536
"537",1988-05-29,0.05,5537
"538",1988-05-31,0.009,5539
"539",1988-06-01,0.073,5540
"540",1988-06-02,0.195,5541
"541",1988-06-03,0.154,5542
"542",1988-06-04,0.085,5543
"543",1988-06-05,0.096,5544
"544",1988-06-06,0.129,5545
"545",1988-06-07,0.0965,5546
"546",1988-06-08,0.127,5547
"547",1988-06-09,0.114,5548
"548",1988-06-10,0.098,5549
"549",1988-06-11,0.071,5550
"550",1988-06-12,0.047,5551
"551",1988-06-14,0.024,5553
"552",1988-06-15,NA,5554
"553",1988-06-16,NA,5555
"554",1988-06-17,0.06,5556
"555",1988-06-18,0.065,5557
"556",1988-06-19,NA,5558
"557",1988-06-20,0.0555,5559
"558",1988-06-21,0.0205,5560
"559",1988-06-28,0.004,5567
"560",1988-06-29,0.162,5568
"561",1988-06-30,0.1495,5569
"562",1988-07-01,0.063,5570
"563",1988-07-02,0.061,5571
"564",1988-07-03,0.033,5572
"565",1988-07-05,0.006,5574
"566",1988-07-06,0.088,5575
"567",1988-07-07,0.111,5576
"568",1988-07-08,0.114,5577
"569",1988-07-09,0.0825,5578
"570",1988-07-12,0.1085,5581
"571",1988-07-13,0.053,5582
"572",1988-07-14,0.032,5583
"573",1988-07-15,0.014,5584
"574",1988-07-16,0.048,5585
"575",1988-07-17,0.025,5586
"576",1988-07-18,0.01,5587
"577",1988-07-19,0.002,5588
"578",1988-07-25,NA,5594
"579",1988-07-26,0.179,5595
"580",1988-07-27,0.035,5596
"581",1988-08-02,0.017,5602
"582",1988-08-03,0.005,5603
"583",1988-08-09,0.01,5609
"584",1988-08-15,NA,5615
"585",1988-08-16,0.02,5616
"586",1988-08-17,0.02,5617
"587",1988-08-18,0.095,5618
"588",1988-08-19,0.063,5619
"589",1988-08-20,0.058,5620
"590",1988-08-22,0.048,5622
"591",1988-08-23,0.069,5623
"592",1988-08-25,0.063,5625
"593",1988-08-27,0.085,5627
"594",1988-08-28,0.058,5628
"595",1988-08-29,0.034,5629
"596",1988-08-30,0.04,5630
"597",1988-08-31,0.181,5631
"598",1988-09-01,0.073,5632
"599",1988-09-02,0.043,5633
"600",1988-09-04,0.012,5635
"601",1988-09-05,0.084,5636
"602",1988-09-07,0.033,5638
"603",1988-09-12,0.048,5643
"604",1988-09-13,0.029,5644
"605",1988-09-19,NA,5650
"606",1988-09-26,0.001,5657
"607",1988-09-27,0.005,5658
"608",1988-09-29,0.017,5660
"609",1988-10-03,0.011,5664
"610",1988-10-10,0.0335,5671
"611",1988-10-11,0.041,5672
"612",1988-10-17,0.244,5678
"613",1988-10-19,0.164,5680
"614",1988-10-21,0.035,5682
"615",1988-10-23,0.109,5684
"616",1988-10-24,0.233,5685
"617",1988-10-25,0.182,5686
"618",1988-10-31,0.192,5693
"619",1988-11-07,0.176,5700
"620",1988-11-21,0.208,5714
"621",1988-11-22,0.252,5715
"622",1988-12-05,0.409,5728
"623",1988-12-19,0.329,5742
"624",1988-12-28,0.111,5751
"625",1988-12-30,0.193,5753
"626",1989-01-01,0.008,5755
"627",1989-01-03,0.22,5757
"628",1989-01-11,0.198,5765
"629",1989-01-13,0.171,5767
"630",1989-01-15,0.154,5769
"631",1989-01-17,0.246,5771
"632",1989-01-23,0.264,5777
"633",1989-01-24,0.021,5778
"634",1989-01-26,0.009,5780
"635",1989-01-29,0.012,5783
"636",1989-01-30,0.2145,5784
"637",1989-01-31,0.189,5785
"638",1989-02-06,0.01,5791
"639",1989-02-08,0.083,5793
"640",1989-02-10,0.009,5795
"641",1989-02-12,0.007,5797
"642",1989-02-13,0.0195,5798
"643",1989-02-14,0.008,5799
"644",1989-02-18,NA,5803
"645",1989-02-20,NA,5805
"646",1989-02-22,0.003,5807
"647",1989-02-27,0.023,5812
"648",1989-02-28,0.032,5813
"649",1989-03-04,0.021,5817
"650",1989-03-06,0.033,5819
"651",1989-03-09,0.0435,5822
"652",1989-03-10,NA,5823
"653",1989-03-13,0.008,5826
"654",1989-03-15,0.03,5828
"655",1989-03-16,0.008,5829
"656",1989-03-17,NA,5830
"657",1989-03-19,NA,5832
"658",1989-03-21,NA,5834
"659",1989-03-22,0.015,5835
"660",1989-03-24,0.004,5837
"661",1989-03-27,0.00633333333333333,5840
"662",1989-03-28,0.009,5841
"663",1989-03-29,0.0141666666666667,5842
"664",1989-04-07,0.029,5850
"665",1989-04-08,0.017,5851
"666",1989-04-09,0.018,5852
"667",1989-04-10,0,5853
"668",1989-04-11,0.001,5854
"669",1989-04-13,0.006,5856
"670",1989-04-16,0.004,5859
"671",1989-04-17,0.005,5860
"672",1989-04-20,0.019,5863
"673",1989-04-22,0.017,5865
"674",1989-04-23,NA,5866
"675",1989-04-24,NA,5867
"676",1989-04-25,0.012,5868
"677",1989-04-26,5e-04,5869
"678",1989-04-29,NA,5872
"679",1989-05-01,NA,5874
"680",1989-05-03,NA,5876
"681",1989-05-06,NA,5879
"682",1989-05-08,0.0795,5881
"683",1989-05-10,0.031,5883
"684",1989-05-13,0.004,5886
"685",1989-05-14,NA,5887
"686",1989-05-16,NA,5889
"687",1989-05-17,NA,5890
"688",1989-05-20,NA,5893
"689",1989-05-22,0.0075,5895
"690",1989-05-24,0.017,5897
"691",1989-05-26,NA,5899
"692",1989-05-28,0.01,5901
"693",1989-05-30,NA,5903
"694",1989-06-01,0.006,5905
"695",1989-06-03,NA,5907
"696",1989-06-05,0.006,5909
"697",1989-06-07,NA,5911
"698",1989-06-09,NA,5913
"699",1989-06-11,0.004,5915
"700",1989-06-12,0.005,5916
"701",1989-06-13,0.009,5917
"702",1989-06-16,0.007,5920
"703",1989-06-19,0.0085,5923
"704",1989-06-20,0.015,5924
"705",1989-06-21,0.007,5925
"706",1989-06-22,NA,5926
"707",1989-06-26,NA,5930
"708",1989-07-03,NA,5937
"709",1989-07-05,NA,5939
"710",1989-07-11,0.005,5945
"711",1989-07-17,0.007,5951
"712",1989-07-18,NA,5952
"713",1989-07-19,0.006,5953
"714",1989-07-25,0.009,5959
"715",1989-07-26,NA,5960
"716",1989-07-27,NA,5961
"717",1989-07-28,NA,5962
"718",1989-07-31,5e-04,5965
"719",1989-08-01,NA,5966
"720",1989-08-02,0.009,5967
"721",1989-08-03,NA,5968
"722",1989-08-06,NA,5971
"723",1989-08-07,0.006,5972
"724",1989-08-08,0.006,5973
"725",1989-08-09,0.006,5974
"726",1989-08-12,NA,5977
"727",1989-08-14,0.0135,5979
"728",1989-08-15,NA,5980
"729",1989-08-16,0.012,5981
"730",1989-08-18,0.013,5983
"731",1989-08-19,0.014,5984
"732",1989-08-21,0.014,5986
"733",1989-08-22,0.013,5987
"734",1989-08-23,0.075,5988
"735",1989-08-26,NA,5991
"736",1989-08-27,0.052,5992
"737",1989-08-28,0.011,5993
"738",1989-08-29,0.01,5994
"739",1989-08-30,NA,5995
"740",1989-09-01,0.008,5997
"741",1989-09-04,NA,6000
"742",1989-09-05,0.013,6001
"743",1989-09-06,0.02,6002
"744",1989-09-07,0.029,6003
"745",1989-09-08,0.014,6004
"746",1989-09-09,0.006,6005
"747",1989-09-11,0.011,6007
"748",1989-09-12,0.012,6008
"749",1989-09-13,0.018,6009
"750",1989-09-14,0.01,6010
"751",1989-09-17,0.023,6013
"752",1989-09-19,0.029,6015
"753",1989-09-20,0.044,6016
"754",1989-09-23,0.046,6019
"755",1989-09-25,0.065,6021
"756",1989-09-27,0.053,6023
"757",1989-09-29,0.063,6025
"758",1989-10-02,0.072,6028
"759",1989-10-03,0.042,6029
"760",1989-10-06,0.01,6032
"761",1989-10-09,0.0526666666666667,6035
"762",1989-10-11,0.0545,6037
"763",1989-10-14,0.054,6040
"764",1989-10-16,0.044,6042
"765",1989-10-17,0.048,6043
"766",1989-10-18,0.026,6044
"767",1989-10-21,0.054,6047
"768",1989-10-22,0.072,6048
"769",1989-10-23,0.061,6049
"770",1989-10-24,0.0825,6050
"771",1989-10-26,0.129,6052
"772",1989-10-29,0.034,6055
"773",1989-10-30,0.081,6057
"774",1989-10-31,0.129,6058
"775",1989-11-03,0.107,6061
"776",1989-11-05,0.126,6063
"777",1989-11-06,0.095,6064
"778",1989-11-08,0.095,6066
"779",1989-11-13,0.1005,6071
"780",1989-11-14,0.106,6072
"781",1989-11-16,0.105,6074
"782",1989-11-17,0.078,6075
"783",1989-11-20,0.161,6078
"784",1989-11-22,0.207,6080
"785",1989-11-23,0.141,6081
"786",1989-11-25,0.167,6083
"787",1989-11-27,0.213,6085
"788",1989-11-28,0.147,6086
"789",1989-12-02,0.16,6090
"790",1989-12-04,0.227666666666667,6092
"791",1989-12-11,0.2205,6099
"792",1989-12-18,0.252,6106
"793",1989-12-19,0.1935,6107
"794",1989-12-20,0.141,6108
"795",1989-12-21,0.156,6109
"796",1989-12-22,0.196,6110
"797",1989-12-23,0.186,6111
"798",1989-12-24,0.157,6112
"799",1989-12-26,0.249,6114
"800",1989-12-27,0.176,6115
"801",1989-12-28,0.149,6116
"802",1989-12-29,0.145,6117
"803",1989-12-30,0.15,6118
"804",1989-12-31,0.166,6119
"805",1990-01-01,0.168,6120
"806",1990-01-02,0.214,6121
"807",1990-01-03,0.223,6122
"808",1990-01-06,0.115,6125
"809",1990-01-07,0.135,6126
"810",1990-01-09,0.232,6128
"811",1990-01-10,0.145,6129
"812",1990-01-12,0.122,6131
"813",1990-01-14,0.123,6133
"814",1990-01-16,0.2265,6135
"815",1990-01-18,0.112,6137
"816",1990-01-20,0.126,6139
"817",1990-01-23,0.022,6142
"818",1990-01-30,NA,6149
"819",1990-01-31,NA,6150
"820",1990-02-06,NA,6156
"821",1990-02-13,NA,6163
"822",1990-02-14,0.006,6164
"823",1990-02-16,0.015,6166
"824",1990-02-18,0.009,6168
"825",1990-02-20,0.012,6170
"826",1990-02-22,0.007,6172
"827",1990-02-24,0.006,6174
"828",1990-02-26,0.013,6176
"829",1990-02-27,0.034,6177
"830",1990-02-28,0.049,6178
"831",1990-03-02,0.019,6180
"832",1990-03-04,0.02,6182
"833",1990-03-06,0.012,6184
"834",1990-03-08,0.02,6186
"835",1990-03-10,0.021,6188
"836",1990-03-12,0.021,6190
"837",1990-03-16,0.009,6194
"838",1990-03-26,0.021,6204
"839",1990-03-27,0.023,6205
"840",1990-04-03,0.053,6211
"841",1990-04-05,0.071,6213
"842",1990-04-07,0.052,6215
"843",1990-04-09,0.057,6217
"844",1990-04-10,0.132,6218
"845",1990-04-11,0.132,6219
"846",1990-04-17,0.07,6225
"847",1990-04-23,NA,6231
"848",1990-04-24,NA,6232
"849",1990-04-26,0.023,6234
"850",1990-04-28,0.026,6236
"851",1990-04-30,0.019,6238
"852",1990-05-07,0.007,6245
"853",1990-05-09,0.025,6247
"854",1990-05-11,0.017,6249
"855",1990-05-13,0.028,6251
"856",1990-05-14,0.009,6252
"857",1990-05-16,0.015,6254
"858",1990-05-18,0.005,6256
"859",1990-05-20,0.009,6258
"860",1990-05-21,0.004,6259
"861",1990-05-29,NA,6267
"862",1990-06-04,0.006,6273
"863",1990-06-05,NA,6274
"864",1990-06-12,NA,6281
"865",1990-06-18,NA,6287
"866",1990-06-25,NA,6294
"867",1990-07-02,0.0015,6301
"868",1990-07-03,0.007,6302
"869",1990-07-09,NA,6308
"870",1990-07-16,0.0175,6315
"871",1990-07-23,0.041,6322
"872",1990-07-30,0.0375,6329
"873",1990-08-06,0.033,6336
"874",1990-08-13,0.03,6343
"875",1990-08-20,0.029,6350
"876",1990-08-27,0.1155,6357
"877",1990-09-04,0.035,6365
"878",1990-09-10,0.012,6371
"879",1990-09-17,0.058,6378
"880",1990-09-24,0.0735,6385
"881",1990-10-01,0.041,6392
"882",1990-10-08,0.06,6399
"883",1990-10-09,0.041,6400
"884",1990-10-16,0.053,6407
"885",1990-10-22,0.034,6413
"886",1990-10-31,0.057,6423
"887",1990-11-05,0.076,6428
"888",1990-11-06,0.093,6429
"889",1990-11-13,0.107,6436
"890",1990-11-19,0.161,6442
"891",1990-11-20,0.172,6443
"892",1990-11-26,0.243,6449
"893",1990-12-03,0.2285,6456
"894",1990-12-10,0.232,6463
"895",1990-12-17,0.222,6470
"896",1990-12-18,0.231,6471
"897",1990-12-26,0.255,6479
"898",1990-12-31,0.2525,6484
"899",1991-01-07,0.255,6491
"900",1991-01-14,0.231,6498
"901",1991-01-17,0.261,6501
"902",1991-01-22,0.295,6506
"903",1991-01-28,0.2975,6512
"904",1991-02-04,0.25,6519
"905",1991-02-11,0.2165,6526
"906",1991-02-19,0.239,6534
"907",1991-02-25,0.222,6540
"908",1991-02-26,0.22,6541
"909",1991-03-04,0.237,6547
"910",1991-03-11,0.2405,6554
"911",1991-03-18,0.162,6561
"912",1991-03-25,0.1475,6568
"913",1991-04-01,0.173,6575
"914",1991-04-08,0.227,6581
"915",1991-04-15,0.174,6588
"916",1991-04-22,0.1475,6595
"917",1991-04-29,0.008,6602
"918",1991-05-06,0.0095,6609
"919",1991-05-13,0.005,6616
"920",1991-05-20,0.006,6623
"921",1991-05-28,0.009,6631
"922",1991-06-03,0.013,6637
"923",1991-06-10,0.027,6644
"924",1991-06-17,0.019,6651
"925",1991-06-18,0.012,6652
"926",1991-06-24,0.011,6658
"927",1991-07-01,0.0085,6665
"928",1991-07-08,0.006,6672
"929",1991-07-15,0.027,6679
"930",1991-07-22,0.024,6686
"931",1991-07-29,0.009,6693
"932",1991-08-05,0.026,6700
"933",1991-08-12,0.0335,6707
"934",1991-08-19,0.027,6714
"935",1991-08-26,0.0585,6721
"936",1991-08-28,0.055,6723
"937",1991-09-03,0.049,6729
"938",1991-09-09,0.067,6735
"939",1991-09-17,0.03,6743
"940",1991-09-23,0.031,6749
"941",1991-09-30,0.007,6756
"942",1991-10-07,0.055,6763
"943",1991-10-14,0.058,6770
"944",1991-10-21,0.077,6777
"945",1991-10-28,0.086,6785
"946",1991-11-04,0.1805,6792
"947",1991-11-18,0.191,6806
"948",1991-11-20,0.911,6808
"949",1991-11-25,0.186,6813
"950",1991-12-02,0.214,6820
"951",1991-12-09,0.216,6827
"952",1991-12-16,0.7845,6834
"953",1991-12-23,0.209,6841
"954",1991-12-30,0.188,6848
"955",1992-01-06,0.173,6855
"956",1992-01-13,0.1795,6862
"957",1992-01-21,0.149,6870
"958",1992-01-27,0.12,6876
"959",1992-02-03,0.129,6883
"960",1992-02-10,0.095,6890
"961",1992-02-11,0.189,6891
"962",1992-02-19,0.153,6899
"963",1992-02-24,0.102,6904
"964",1992-02-27,0.146,6907
"965",1992-03-02,0.132,6911
"966",1992-03-09,0.056,6918
"967",1992-03-11,0.05,6920
"968",1992-03-16,0.072,6925
"969",1992-03-23,0.074,6932
"970",1992-03-26,0.033,6935
"971",1992-03-30,0.063,6939
"972",1992-04-06,0.037,6945
"973",1992-04-07,0.015,6946
"974",1992-04-13,0.055,6952
"975",1992-04-20,NA,6959
"976",1992-04-21,0.679,6960
"977",1992-04-27,NA,6966
"978",1992-05-04,NA,6973
"979",1992-05-05,0.005,6974
"980",1992-05-11,NA,6980
"981",1992-05-18,NA,6987
"982",1992-05-19,NA,6988
"983",1992-05-26,NA,6995
"984",1992-06-01,NA,7001
"985",1992-06-02,0.011,7002
"986",1992-06-08,NA,7008
"987",1992-06-15,NA,7015
"988",1992-06-16,0.246,7016
"989",1992-06-22,NA,7022
"990",1992-06-29,0.023,7029
"991",1992-06-30,0.046,7030
"992",1992-07-06,0.005,7036
"993",1992-07-08,0.004,7038
"994",1992-07-13,0.029,7043
"995",1992-07-14,NA,7044
"996",1992-07-21,NA,7051
"997",1992-07-27,NA,7057
"998",1992-07-28,0.028,7058
"999",1992-08-03,0.006,7064
"1000",1992-08-11,0.01,7072
"1001",1992-08-17,0.04,7078
"1002",1992-08-25,0.013,7086
"1003",1992-08-26,0.025,7087
"1004",1992-08-31,NA,7092
"1005",1992-09-08,0.005,7100
"1006",1992-09-10,0.011,7102
"1007",1992-09-15,0.012,7107
"1008",1992-09-21,0.008,7113
"1009",1992-09-22,0.01,7114
"1010",1992-09-28,0.007,7120
"1011",1992-10-06,0.0854285714285714,7128
"1012",1992-10-13,0.061,7135
"1013",1992-10-20,0.0934285714285714,7142
"1014",1992-10-27,0.063,7150
"1015",1992-11-03,0.107142857142857,7157
"1016",1992-11-10,0.088,7164
"1017",1992-11-17,0.159,7171
"1018",1992-11-18,0.145,7172
"1019",1992-11-23,0.241,7177
"1020",1992-12-02,0.232,7186
"1021",1992-12-03,0.231333333333333,7187
"1022",1992-12-08,0.174,7192
"1023",1992-12-15,0.067,7199
"1024",1992-12-22,NA,7206
"1025",1992-12-29,NA,7213
"1026",1992-12-30,NA,7214
"1027",1993-01-06,0.047,7221
"1028",1993-01-11,0.0125,7226
"1029",1993-01-13,NA,7228
"1030",1993-01-21,0.027,7236
"1031",1993-01-27,0.0295,7242
"1032",1993-02-03,0.033,7249
"1033",1993-02-08,0.025,7254
"1034",1993-02-10,0.035,7256
"1035",1993-02-18,0.124166666666667,7264
"1036",1993-02-23,0.016,7269
"1037",1993-02-24,0.014,7270
"1038",1993-03-03,0.032,7277
"1039",1993-03-08,0.0563333333333333,7282
"1040",1993-03-10,0.007,7284
"1041",1993-03-17,0.048,7291
"1042",1993-03-23,0.05075,7297
"1043",1993-03-25,0.043,7299
"1044",1993-03-30,0.017,7304
"1045",1993-04-06,0.0688333333333333,7310
"1046",1993-04-20,0.039,7324
"1047",1993-05-04,0.05475,7338
"1048",1993-05-18,0.004,7352
"1049",1993-05-20,0.014,7354
"1050",1993-06-01,0.03,7366
"1051",1993-06-02,0.0778333333333333,7367
"1052",1993-06-15,0.024,7380
"1053",1993-06-26,NA,7391
"1054",1993-06-29,0.006,7394
"1055",1993-07-13,0.01,7408
"1056",1993-07-27,NA,7422
"1057",1993-08-10,NA,7436
"1058",1993-08-17,NA,7443
"1059",1993-08-24,0.006,7450
"1060",1993-09-07,0.008,7464
"1061",1993-09-21,0.01,7478
"1062",1993-10-05,0.02,7492
"1063",1993-10-19,0.057,7506
"1064",1993-11-02,0.062,7521
"1065",1993-11-16,0.179,7535
"1066",1993-12-01,0.148,7550
"1067",1993-12-14,0.223,7563
"1068",1993-12-28,0.283,7577
"1069",1994-01-11,0.304,7591
"1070",1994-01-19,0.319,7599
"1071",1994-01-25,0.326,7605
"1072",1994-02-08,0.303,7619
"1073",1994-02-15,0.267,7626
"1074",1994-02-22,0.245,7633
"1075",1994-03-08,0.152,7647
"1076",1994-03-15,0.173,7654
"1077",1994-03-22,NA,7661
"1078",1994-04-05,NA,7674
"1079",1994-04-12,NA,7681
"1080",1994-04-19,0.008,7688
"1081",1994-05-03,0.004,7702
"1082",1994-05-17,0.0392,7716
"1083",1994-05-31,0.004,7730
"1084",1994-06-14,0.0105,7744
"1085",1994-06-28,0.005,7758
"1086",1994-07-12,0.033,7772
"1087",1994-07-19,0.017,7779
"1088",1994-07-26,0.014,7786
"1089",1994-08-03,0.022,7794
"1090",1994-08-09,0.02,7800
"1091",1994-08-23,0.046,7814
"1092",1994-09-20,0.039,7842
"1093",1994-10-04,0.038,7856
"1094",1994-10-18,0.058,7870
"1095",1994-11-01,0.052,7885
"1096",1994-11-15,0.056,7899
"1097",1994-11-29,0.11,7913
"1098",1994-12-13,0.113,7927
"1099",1994-12-27,0.177,7941
"1100",1995-01-10,0.142,7955
"1101",1995-01-24,0.13,7969
"1102",1995-02-21,0.096,7997
"1103",1995-03-07,0.156,8011
"1104",1995-03-21,0.094,8025
"1105",1995-04-04,0.036,8038
"1106",1995-04-18,0.027,8052
"1107",1995-05-02,0.026,8066
"1108",1995-05-16,0.004,8080
"1109",1995-05-30,0.01,8094
"1110",1995-06-13,0.004,8108
"1111",1995-06-27,NA,8122
"1112",1995-07-11,0.007,8136
"1113",1995-07-25,0.02,8150
"1114",1995-08-08,0.011,8164
"1115",1995-08-22,0.019,8178
"1116",1995-09-05,0.037,8192
"1117",1995-09-19,0.059,8206
"1118",1995-10-03,0.085,8220
"1119",1995-10-17,0.064,8234
"1120",1995-10-31,0.084,8249
"1121",1995-11-14,0.083,8263
"1122",1995-11-28,0.009,8277
"1123",1995-12-12,0.066,8291
"1124",1995-12-26,0.082,8305
"1125",1996-01-09,0.118,8319
"1126",1996-01-23,0.066,8333
"1127",1996-02-06,0.035,8347
"1128",1996-02-20,NA,8361
"1129",1996-03-05,0.0325,8375
"1130",1996-03-19,0.06525,8389
"1131",1996-04-02,0.03025,8403
"1132",1996-04-16,0.0835,8416
"1133",1996-04-30,0.0926,8430
"1134",1996-05-14,0.128,8444
"1135",1996-05-20,0.092,8450
"1136",1996-05-28,NA,8458
"1137",1996-06-11,0.0425,8472
"1138",1996-06-25,NA,8486
"1139",1996-07-09,0.048,8500
"1140",1996-07-23,NA,8514
"1141",1996-08-06,0.004,8528
"1142",1996-08-20,0.0095,8542
"1143",1996-09-03,0.0035,8556
"1144",1996-09-17,0.007,8570
"1145",1996-10-01,0.0245,8584
"1146",1996-10-15,0.036,8598
"1147",1996-10-29,0.048,8613
"1148",1996-11-04,0.086,8619
"1149",1996-11-12,0.0768,8627
"1150",1996-11-26,0.1046,8641
"1151",1996-12-10,0.1355,8655
"1152",1996-12-26,0.1418,8671
"1153",1997-01-07,0.0275,8683
"1154",1997-01-21,0.1194,8697
"1155",1997-02-05,0.0095,8712
"1156",1997-02-18,0.0072,8725
"1157",1997-02-24,0.025,8731
"1158",1997-03-04,0.0055,8739
"1159",1997-03-18,0.089,8753
"1160",1997-04-01,0.0145,8767
"1161",1997-04-15,0.039,8780
"1162",1997-04-29,0.052,8794
"1163",1997-05-13,0.011,8808
"1164",1997-05-19,0.015,8814
"1165",1997-05-27,NA,8822
"1166",1997-06-10,NA,8836
"1167",1997-06-24,0.0014,8850
"1168",1997-07-08,0.004,8864
"1169",1997-07-22,NA,8878
"1170",1997-08-05,0.008,8892
"1171",1997-08-19,0.008,8906
"1172",1997-08-28,0.015,8915
"1173",1997-09-02,0.008,8920
"1174",1997-09-16,0.043,8934
"1175",1997-09-30,0.035,8948
"1176",1997-10-14,0.083,8962
"1177",1997-10-28,0.082,8977
"1178",1997-11-12,0.141,8992
"1179",1997-11-17,0.078,8997
"1180",1997-11-25,0.035,9005
"1181",1997-12-09,0.071,9019
"1182",1997-12-23,0.032,9033
"1183",1998-01-06,0.084,9047
"1184",1998-01-20,0.113,9061
"1185",1998-02-03,0.097,9075
"1186",1998-02-17,0.116,9089
"1187",1998-02-18,0.113,9090
"1188",1998-03-03,0.13,9103
"1189",1998-03-17,0.075,9117
"1190",1998-03-31,0.068,9131
"1191",1998-04-14,0.133,9144
"1192",1998-04-28,0.109,9158
"1193",1998-05-12,0.108,9172
"1194",1998-05-18,0.1,9178
"1195",1998-05-26,0.135,9186
"1196",1998-06-09,0.047,9200
"1197",1998-06-23,0.015,9214
"1198",1998-07-07,0.014,9228
"1199",1998-07-21,0.021,9242
"1200",1998-08-04,0.008,9256
"1201",1998-08-18,0.007,9270
"1202",1998-08-24,0.025,9276
"1203",1998-09-01,0.017,9284
"1204",1998-09-10,0.01,9293
"1205",1998-09-15,0.035,9298
"1206",1998-09-29,0.042,9312
"1207",1998-10-13,0.018,9326
"1208",1998-10-27,0.053,9341
"1209",1998-11-09,0.077,9354
"1210",1998-11-24,0.055,9369
"1211",1998-12-08,0.09,9383
"1212",1998-12-22,0.144,9397
"1213",1999-01-05,0.181,9411
"1214",1999-01-19,0.161,9425
"1215",1999-01-25,0.173,9431
"1216",1999-02-02,0.174,9439
"1217",1999-02-16,0.159,9453
"1218",1999-03-02,0.079,9467
"1219",1999-03-16,0.0998,9481
"1220",1999-03-30,0.144,9495
"1221",1999-04-13,0.005,9508
"1222",1999-04-19,0.027,9514
"1223",1999-04-27,0.005,9522
"1224",1999-05-11,0.004,9536
"1225",1999-05-25,0.006,9550
"1226",1999-06-08,NA,9564
"1227",1999-06-22,NA,9578
"1228",1999-07-06,0.0075,9592
"1229",1999-07-20,0.003,9606
"1230",1999-07-26,0.009,9612
"1231",1999-08-03,0.0065,9620
"1232",1999-08-17,0.016,9634
"1233",1999-08-31,NA,9648
"1234",1999-09-16,0.0062,9664
"1235",1999-09-28,0.011,9676
"1236",1999-10-12,0.021,9690
"1237",1999-10-18,0.049,9696
"1238",1999-10-26,0.014,9704
"1239",1999-11-09,0.032,9719
"1240",1999-11-23,0.088,9733
"1241",1999-12-07,0.124,9747
"1242",1999-12-21,0.122,9761
"1243",2000-01-04,0.0364,9775
"1244",2000-01-18,0.0275,9789
"1245",2000-01-24,0.037,9795
"1246",2000-02-01,0.032,9803
"1247",2000-02-15,0.01,9817
"1248",2000-02-29,0.009,9831
"1249",2000-03-14,0.035,9845
"1250",2000-03-28,0.094,9859
"1251",2000-04-11,0.005,9872
"1252",2000-04-17,0.0045,9878
"1253",2000-04-24,0,9885
"1254",2000-05-09,0.022,9900
"1255",2000-05-23,0.007,9914
"1256",2000-06-06,NA,9928
"1257",2000-06-20,NA,9942
"1258",2000-07-05,NA,9957
"1259",2000-07-18,NA,9970
"1260",2000-07-25,0.006,9977
"1261",2000-08-01,0.0022,9984
"1262",2000-08-15,0.0048,9998
"1263",2000-08-29,0.055,10012
"1264",2000-09-12,0.097,10026
"1265",2000-09-26,0.048,10040
"1266",2000-10-10,0.083,10054
"1267",2000-10-16,0.33,10060
"1268",2000-10-24,0.32,10068
"1269",2000-11-07,0.327,10083
"1270",2000-11-21,0.325,10097
"1271",2000-12-05,0.378,10111
"1272",2000-12-19,0.362,10125
"1273",2001-01-02,0.191,10139
"1274",2001-01-16,0.371,10153
"1275",2001-01-22,0.398,10159
"1276",2001-01-30,0.384,10167
"1277",2001-02-13,0.387,10181
"1278",2001-02-27,0.325,10195
"1279",2001-03-13,0.367,10209
"1280",2001-03-27,0.332,10223
"1281",2001-04-10,0.338,10236
"1282",2001-04-16,0.144,10242
"1283",2001-04-24,0.181,10250
"1284",2001-05-08,0.1385,10264
"1285",2001-05-22,0.046,10278
"1286",2001-06-05,0.047,10292
"1287",2001-06-19,NA,10306
"1288",2001-07-03,0.0192,10320
"1289",2001-07-16,0.045,10333
"1290",2001-07-17,0.053,10334
"1291",2001-07-31,0.036,10348
"1292",2001-08-14,NA,10362
"1293",2001-08-28,0.01,10376
"1294",2001-09-11,0.0028,10390
"1295",2001-09-25,NA,10404
"1296",2001-10-08,0.013,10417
"1297",2001-10-09,0.02,10418
"1298",2001-11-06,0.0165,10447
"1299",2001-11-20,0.0155,10461
"1300",2001-12-04,0.039,10475
"1301",2001-12-18,0.106,10489
"1302",2002-01-02,0.0745,10504
"1303",2002-01-15,0.073,10517
"1304",2002-01-29,0.0275,10531
"1305",2002-02-12,0.0725,10545
"1306",2002-02-26,0.161,10559
"1307",2002-03-12,0.088,10573
"1308",2002-03-18,0.0175,10579
"1309",2002-03-26,0.044,10587
"1310",2002-04-09,0.041,10600
"1311",2002-04-23,NA,10614
"1312",2002-05-07,NA,10628
"1313",2002-05-21,NA,10642
"1314",2002-06-04,NA,10656
"1315",2002-06-18,NA,10670
"1316",2002-06-24,0.01,10676
"1317",2002-07-02,0.012,10684
"1318",2002-07-16,0.0065,10698
"1319",2002-07-30,0.0015,10712
"1320",2002-08-13,0.02,10726
"1321",2002-08-27,0.009,10740
"1322",2002-09-10,0.015,10754
"1323",2002-09-16,0.046,10760
"1324",2002-09-24,0.0175,10768
"1325",2002-10-08,0.033,10782
"1326",2002-10-22,0.044,10796
"1327",2002-11-05,0.039,10811
"1328",2002-11-19,0.076,10825
"1329",2002-12-03,0.085,10839
"1330",2002-12-17,0.0266,10853
"1331",2002-12-30,0.0915,10866
"1332",2002-12-31,0.091,10867
"1333",2003-01-14,0.145,10881
"1334",2003-01-28,0.143,10895
"1335",2003-02-11,0.105,10909
"1336",2003-02-25,0.118,10923
"1337",2003-03-11,0.115,10937
"1338",2003-03-24,0.17,10950
"1339",2003-03-25,0.156,10951
"1340",2003-04-08,0.03,10964
"1341",2003-04-22,0.025,10978
"1342",2003-05-06,0.011,10992
"1343",2003-05-20,0.02,11006
"1344",2003-06-03,0.0085,11020
"1345",2003-06-16,0.01,11033
"1346",2003-06-17,0.001,11034
"1347",2003-07-01,0.016,11048
"1348",2003-07-15,0.014,11062
"1349",2003-07-29,0.006,11076
"1350",2003-08-12,0.014,11090
"1351",2003-08-26,0.01,11104
"1352",2003-09-09,0.017,11118
"1353",2003-09-15,0.037,11124
"1354",2003-09-23,0.029,11132
"1355",2003-10-07,0.0175,11146
"1356",2003-10-21,0.053,11160
"1357",2003-11-04,0.069,11175
"1358",2003-11-18,0.159,11189
"1359",2003-12-02,0.116,11203
"1360",2003-12-15,0.101666666666667,11216
"1361",2003-12-16,0.136,11217
"1362",2003-12-30,0.041,11231
"1363",2004-01-13,0.045,11245
"1364",2004-01-27,0.048,11259
"1365",2004-02-10,0.033,11273
"1366",2004-02-24,0.045,11287
"1367",2004-03-09,0.036,11301
"1368",2004-03-15,0.065,11307
"1369",2004-03-23,0.061,11315
"1370",2004-04-06,0.12,11328
"1371",2004-04-20,0.162,11342
"1372",2004-05-04,0.065,11356
"1373",2004-05-17,0.1095,11369
"1374",2004-05-18,0.097,11370
"1375",2004-06-08,0.015,11391
"1376",2004-06-22,0.004,11405
"1377",2004-07-06,NA,11419
"1378",2004-07-20,5e-04,11433
"1379",2004-08-03,0.057,11447
"1380",2004-08-17,0.079,11461
"1381",2004-08-23,0,11467
"1382",2004-08-31,0.013,11475
"1383",2004-09-14,0.006,11489
"1384",2004-09-29,0.069,11504
"1385",2004-10-12,0.154,11517
"1386",2004-10-26,0.0416666666666667,11531
"1387",2004-11-09,0.114,11546
"1388",2004-11-22,0.135,11559
"1389",2004-12-07,0.168,11574
"1390",2004-12-21,0.1,11588
"1391",2005-01-04,0.222,11602
"1392",2005-01-18,0.222,11616
"1393",2005-01-20,NA,11618
"1394",2005-02-01,0.222,11630
"1395",2005-02-03,0.138,11632
"1396",2005-02-14,0.188,11643
"1397",2005-02-15,0.18,11644
"1398",2005-03-01,0.0745,11658
"1399",2005-03-15,0.111,11672
"1400",2005-03-29,0.029,11686
"1401",2005-04-12,0.032,11699
"1402",2005-04-26,0.01,11713
"1403",2005-04-28,NA,11715
"1404",2005-05-10,0.063,11727
"1405",2005-05-12,NA,11729
"1406",2005-05-16,0.0045,11733
"1407",2005-05-19,NA,11736
"1408",2005-05-24,0.026,11741
"1409",2005-05-26,NA,11743
"1410",2005-06-02,0,11750
"1411",2005-06-07,0.001,11755
"1412",2005-06-09,NA,11757
"1413",2005-06-16,NA,11764
"1414",2005-06-21,0.024,11769
"1415",2005-06-23,NA,11771
"1416",2005-07-05,0.004,11783
"1417",2005-07-07,NA,11785
"1418",2005-07-14,NA,11792
"1419",2005-07-19,0.004,11797
"1420",2005-07-21,NA,11799
"1421",2005-07-28,NA,11806
"1422",2005-08-02,0.003,11811
"1423",2005-08-04,NA,11813
"1424",2005-08-11,NA,11820
"1425",2005-08-16,0.031,11825
"1426",2005-08-22,0.022,11831
"1427",2005-08-30,0.031,11839
"1428",2005-09-01,NA,11841
"1429",2005-09-08,NA,11848
"1430",2005-09-12,0.0045,11852
"1431",2005-09-15,NA,11855
"1432",2005-09-22,NA,11862
"1433",2005-09-29,NA,11869
"1434",2005-10-11,0.05,11881
"1435",2005-10-13,NA,11883
"1436",2005-10-20,NA,11890
"1437",2005-11-03,NA,11905
"1438",2005-11-08,0.0285,11910
"1439",2005-11-10,NA,11912
"1440",2005-11-14,0.056,11916
"1441",2005-11-16,0.046,11918
"1442",2005-11-17,NA,11919
"1443",2005-11-23,NA,11925
"1444",2005-12-01,NA,11933
"1445",2005-12-06,0.085,11938
"1446",2005-12-08,NA,11940
"1447",2005-12-14,NA,11946
"1448",2005-12-20,0.084,11952
"1449",2005-12-22,NA,11954
"1450",2006-01-03,0.097,11966
"1451",2006-01-05,NA,11968
"1452",2006-01-12,NA,11975
"1453",2006-01-17,0.101,11980
"1454",2006-01-19,NA,11982
"1455",2006-01-26,NA,11989
"1456",2006-01-30,0.126,11993
"1457",2006-02-02,NA,11996
"1458",2006-02-13,0.0565,12007
"1459",2006-02-21,0.002,12015
"1460",2006-02-28,0.104,12022
"1461",2006-03-13,0.06,12035
"1462",2006-03-28,0.191,12050
"1463",2006-04-11,0.0895,12063
"1464",2006-04-24,0.121,12076
"1465",2006-05-08,0.026,12090
"1466",2006-05-22,0.021,12104
"1467",2006-05-23,NA,12105
"1468",2006-06-06,NA,12119
"1469",2006-06-19,0.01,12132
"1470",2006-07-18,0.007,12161
"1471",2006-07-31,0.0705,12174
"1472",2006-08-14,NA,12188
"1473",2006-08-21,0.146,12195
"1474",2006-08-31,0.113,12205
"1475",2006-09-11,NA,12216
"1476",2006-09-25,0.011,12230
"1477",2006-10-10,0.012,12245
"1478",2006-10-24,0.042,12259
"1479",2006-11-07,0.593,12274
"1480",2006-11-21,0.564,12288
"1481",2006-11-27,0.552,12294
"1482",2006-12-05,0.2585,12302
"1483",2006-12-19,0.3595,12316
"1484",2007-01-02,0.232,12330
"1485",2007-01-16,0.48,12344
"1486",2007-01-30,0.2085,12358
"1487",2007-02-13,0.495,12372
"1488",2007-02-26,0.472,12385
"1489",2007-02-27,0.452,12386
"1490",2007-03-13,0.328,12399
"1491",2007-03-27,0.456,12413
"1492",2007-04-10,0.427,12427
"1493",2007-04-24,0.436,12441
"1494",2007-05-08,0.1575,12455
"1495",2007-05-21,0.313,12468
"1496",2007-05-22,0.326,12469
"1497",2007-06-05,0.1546,12483
"1498",2007-06-19,0.161,12497
"1499",2007-07-02,0.027,12510
"1500",2007-07-17,0.025,12525
"1501",2007-08-06,0.002,12545
"1502",2007-08-20,0.0035,12559
"1503",2007-08-21,0.006,12560
"1504",2007-09-04,0.0185,12574
"1505",2007-09-17,0.199,12587
"1506",2007-10-01,0.271,12601
"1507",2007-10-15,0.071,12615
"1508",2007-10-29,0.255,12629
"1509",2007-11-05,0.286,12637
"1510",2007-11-20,0.255,12652
"1511",2007-11-26,0.262,12658
"1512",2007-12-03,0.1356,12665
"1513",2007-12-18,0.24,12680
"1514",2008-01-17,0.223,12710
"1515",2008-01-29,0.098,12722
"1516",2008-02-04,0.213,12728
"1517",2008-02-19,0.132,12743
"1518",2008-02-20,0.089,12744
"1519",2008-03-03,0.0036,12756
"1520",2008-03-17,0.001,12769
"1521",2008-04-07,0.013,12790
"1522",2008-04-21,0.005,12804
"1523",2008-05-06,NA,12819
"1524",2008-05-19,NA,12832
"1525",2008-05-28,NA,12841
"1526",2008-06-03,NA,12847
"1527",2008-06-17,0.033,12861
"1528",2008-07-01,NA,12875
"1529",2008-07-16,0.004,12890
"1530",2008-08-06,0.005,12911
"1531",2008-08-26,0.036,12931
"1532",2008-08-28,0.006,12933
"1533",2008-09-08,0.014,12944
"1534",2008-09-22,0.012,12958
"1535",2008-10-06,0.1565,12972
"1536",2008-10-20,0.269,12986
"1537",2008-11-13,0.2155,13011
"1538",2008-11-19,0.359,13017
"1539",2008-11-24,0.371,13022
"1540",2008-12-10,0.1435,13038
"1541",2008-12-23,0.051,13051
"1542",2009-01-14,0.0625,13073
"1543",2009-01-27,0.198,13086
"1544",2009-02-02,0.148,13092
"1545",2009-02-17,0.007,13107
"1546",2009-02-18,0.032,13108
"1547",2009-03-03,0.0362,13121
"1548",2009-03-17,NA,13134
"1549",2009-03-31,0.015,13148
"1550",2009-04-14,0.053,13162
"1551",2009-04-29,0.132,13177
"1552",2009-05-13,0.003,13191
"1553",2009-05-20,0.006,13198
"1554",2009-05-27,0.08,13205
"1555",2009-06-02,NA,13211
"1556",2009-06-16,0.031,13225
"1557",2009-07-07,0.02,13246
"1558",2009-07-20,0.034,13259
"1559",2009-08-04,0.0125,13274
"1560",2009-08-18,0.0135,13288
"1561",2009-08-26,0.056,13296
"1562",2009-09-08,0.0085,13309
"1563",2009-09-22,0.0132,13323
"1564",2009-10-07,0.0225,13338
"1565",2009-10-21,0.1345,13352
"1566",2009-11-09,0.149,13372
"1567",2009-11-18,0.1785,13381
"1568",2009-11-30,0.1865,13393
"1569",2009-12-16,0.1505,13409
"1570",2009-12-28,0.1645,13421
"1571",2010-01-11,0.318,13435
"1572",2010-01-25,0.222,13449
"1573",2010-02-08,0.224,13463
"1574",2010-02-17,0.248,13472
"1575",2010-02-24,0.056,13479
"1576",2010-03-15,0.0634,13497
"1577",2010-03-29,0.056,13511
"1578",2010-04-12,0.0375,13525
"1579",2010-04-26,0.049,13539
"1580",2010-05-10,0.0075,13553
"1581",2010-05-24,0.022,13567
"1582",2010-05-26,0.017,13569
"1583",2010-06-07,0.00875,13581
"1584",2010-06-21,0.009,13595
"1585",2010-07-08,0.025,13612
"1586",2010-07-19,0.005,13623
"1587",2010-08-02,0.111,13637
"1588",2010-08-16,0.102,13651
"1589",2010-08-18,0.132,13653
"1590",2010-09-14,0.014,13680
"1591",2010-09-27,0.064,13693
"1592",2010-10-11,0.253,13707
"1593",2010-10-26,0.221,13722
"1594",2010-11-09,0.171,13737
"1595",2010-11-17,0.172,13745
"1596",2010-11-29,0.157,13757
"1597",2010-12-09,0.114,13767
"1598",2010-12-22,0.031,13780
"1599",2011-01-10,0.03,13799
"1600",2011-01-24,0.04,13813
"1601",2011-02-07,NA,13827
"1602",2011-02-17,0.1,13837
"1603",2011-02-23,NA,13843
"1604",2011-03-09,0.02,13857
"1605",2011-03-23,NA,13870
"1606",2011-04-13,NA,13891
"1607",2011-04-27,NA,13905
"1608",2011-05-11,NA,13919
"1609",2011-05-18,NA,13926
"1610",2011-05-25,NA,13933
"1611",2011-06-08,NA,13947
"1612",2011-06-20,NA,13959
"1613",2011-07-06,NA,13975
"1614",2011-07-20,0.022,13989
"1615",2011-08-03,0.015,14003
"1616",2011-08-17,0.04,14017
"1617",2011-08-24,0.076,14024
"1618",2011-08-31,0.058,14031
"1619",2011-09-14,0.008,14045
"1620",2011-09-28,0.018,14059
"1621",2011-10-12,0.011,14073
"1622",2011-10-26,0.015,14087
"1623",2011-11-07,0.042,14100
"1624",2011-11-16,0.075,14109
"1625",2011-11-22,0.079,14115
"1626",2011-12-07,0.119,14130
"1627",2011-12-21,0.171,14144
"1628",2012-01-04,0.175,14158
"1629",2012-01-18,0.146,14172
"1630",2012-02-01,0.058,14186
"1631",2012-02-15,0.089,14200
"1632",2012-02-22,0.068,14207
"1633",2012-02-29,0.025,14214
"1634",2012-03-14,0.054,14227
"1635",2012-03-28,0.047,14241
"1636",2012-04-11,0.087,14255
"1637",2012-04-25,0.08,14269
"1638",2012-05-09,NA,14283
"1639",2012-05-16,NA,14290
"1640",2012-05-23,0.006,14297
"1641",2012-06-06,NA,14311
"1642",2012-06-20,NA,14325
"1643",2012-07-11,0.005,14346
"1644",2012-07-25,0.194,14360
"1645",2012-08-08,0.121,14374
"1646",2012-08-22,0.136,14388
"1647",2012-09-05,0.007,14402
"1648",2012-09-19,0.008,14416
"1649",2012-10-03,0.008,14430
"1650",2012-10-17,0.016,14444
"1651",2012-10-31,0.06,14458
"1652",2012-11-14,0.085,14473
"1653",2012-11-28,0.197,14487
"1654",2012-12-05,0.211,14494
"1655",2012-12-19,0.183,14508
"1656",2013-01-02,0.123,14522
"1657",2013-01-16,0.253,14536
"1658",2013-01-30,0.27,14550
"1659",2013-02-06,0.27,14557
"1660",2013-02-13,0.061,14564
"1661",2013-02-27,NA,14578
"1662",2013-03-13,0.033,14591
"1663",2013-03-27,NA,14605
"1664",2013-04-10,NA,14619
"1665",2013-04-24,NA,14633
"1666",2013-05-08,NA,14647
"1667",2013-05-22,NA,14661
"1668",2013-06-05,NA,14675
"1669",2013-06-19,0.016,14689
"1670",2013-07-02,0.02,14702
"1671",2013-07-17,0.009,14717
"1672",2013-07-31,0.01,14731
"1673",2013-08-07,0.007,14738
"1674",2013-08-14,0.045,14745
"1675",2013-08-28,0.033,14759
"1676",2013-09-11,0.032,14773
"1677",2013-09-25,0.04,14787
"1678",2013-10-09,0.026,14801
"1679",2013-10-23,0.18,14815
"1680",2013-11-04,0.288,14828
"1681",2013-11-06,0.318,14830
"1682",2013-11-20,0.261,14844
"1683",2013-12-04,0.223,14858
"1684",2013-12-18,0.179,14872
"1685",2013-12-30,0.152,14884
"1686",2014-01-15,0.145,14900
"1687",2014-01-29,0.135,14914
"1688",2014-02-03,0.132,14919
"1689",2014-02-12,0.045,14928
"1690",2014-02-26,NA,14942
"1691",2014-03-12,0.009,14955
"1692",2014-03-26,0.017,14969
"1693",2014-04-09,NA,14983
"1694",2014-04-23,NA,14997
"1695",2014-05-05,NA,15009
"1696",2014-05-07,NA,15011
"1697",2014-05-21,NA,15025
"1698",2014-06-04,NA,15039
"1699",2014-06-18,NA,15053
"1700",2014-07-01,0.033,15066
"1701",2014-07-16,0.04,15081
"1702",2014-07-30,0.005,15095
"1703",2014-08-13,0.01,15109
"1704",2014-08-18,0.021,15114
"1705",2014-08-27,0.005,15123
"1706",2014-09-10,0.057,15137
"1707",2014-09-24,0.044,15151
"1708",2014-10-08,0.007,15165
"1709",2014-10-22,0.041,15179
"1710",2014-11-03,0.229,15192
"1711",2014-11-05,0.303,15194
"1712",2014-11-19,0.245,15208
"1713",2014-12-03,0.114,15222
"1714",2014-12-17,0.026,15236
"1715",2014-12-30,0.024,15249
"1716",2015-01-14,0.092,15264
"1717",2015-01-28,0.037,15278
"1718",2015-02-02,0.023,15283
"1719",2015-02-11,0.028,15292
"1720",2015-02-25,0.03,15306
"1721",2015-03-11,0.033,15319
"1722",2015-03-25,0.061,15333
"1723",2015-04-08,0.035,15347
"1724",2015-04-22,0.025,15361
"1725",2015-05-04,0.018,15373
"1726",2015-05-06,0.007,15375
"1727",2015-05-20,NA,15389
"1728",2015-06-03,0.008,15403
"1729",2015-06-17,NA,15417
"1730",2015-07-01,0.01,15431
"1731",2015-07-15,NA,15445
"1732",2015-07-29,0.034,15459
"1733",2015-08-03,0.077,15464
"1734",2015-08-12,0.054,15473
"1735",2015-08-26,NA,15487
"1736",2015-09-09,NA,15501
"1737",2015-09-23,NA,15515
"1738",2015-10-07,0.015,15529
"1739",2015-10-21,0.03,15543
"1740",2015-10-26,0.03,15548
"1741",2015-11-04,0.026,15558
"1742",2015-11-18,0.081,15572
"1743",2015-12-02,0.253,15586
"1744",2015-12-21,0.168,15605
"1745",2016-01-04,0.235,15619
"1746",2016-01-20,0.101,15635
"1747",2016-02-01,0.083,15647
"1748",2016-02-15,0.01,15661
"1749",2016-02-29,0.023,15675
"1750",2016-03-14,0.035,15688
"1751",2016-03-28,0.185,15702
"1752",2016-04-11,0.011,15716
"1753",2016-04-25,0.013,15730
"1754",2016-05-09,0.048,15744
"1755",2016-05-23,0.014,15758
"1756",2016-06-06,0.01,15772
"1757",2016-06-20,0.014,15786
"1758",2016-07-06,0.02,15802
"1759",2016-07-18,0.067,15814
"1760",2016-08-01,0.021,15828
"1761",2016-08-15,0.016,15842
"1762",2016-08-29,0.051,15856
"1763",2016-09-12,0.021,15870
"1764",2016-09-26,0.022,15884
"1765",2016-10-10,0.048,15898
"1766",2016-10-24,0.05,15912
"1767",2016-11-07,0.073,15927
"1768",2016-11-21,0.038,15941
"1769",2016-12-19,0.036,15969
"1770",2017-01-09,0.087,15990
"1771",2017-01-23,0.122,16004
"1772",2017-02-06,0.138,16018
"1773",2017-02-20,0.161,16032
"1774",2017-03-06,0.178,16046
"1775",2017-03-13,0.054,16052
"1776",2017-03-20,0.006,16059
"1777",2017-04-17,0.08,16087
"1778",2017-04-24,0.055,16094
"1779",2017-05-01,0.051,16101
"1780",2017-05-08,0.006,16108
"1781",2017-06-05,0.01,16136
"1782",2017-06-12,0.067,16143
"1783",2017-06-19,0.149,16150
"1784",2017-07-05,0.018,16166
"1785",2017-07-17,0.112,16178
"1786",2017-08-01,0.06,16193
"1787",2017-08-14,0.02,16206
"1788",2017-08-28,0.032,16220
"1789",2017-09-13,0.01,16236
"1790",2017-09-25,0.008,16248
"1791",2017-10-09,0.058,16262
"1792",2017-10-23,0.098,16276
"1793",2017-11-06,0.086,16291
"1794",2017-11-20,0.114,16305
"1795",2017-12-04,0.206,16319
"1796",2017-12-18,0.338,16333
"1797",2018-01-16,0.214,16362
"1798",2018-02-12,0.106,16389
"1799",2018-03-12,0.169,16416
"1800",2018-03-26,0.027,16430
"1801",2018-04-09,0.019,16444
"1802",2018-04-23,0.078,16458
"1803",2018-05-07,0.005,16472
"1804",2018-05-21,0.038,16486
"1805",2018-06-04,0.023,16500
"1806",2018-06-18,0.036,16514
"1807",2018-07-02,0.049,16528
"1808",2018-07-16,NA,16542
"1809",2018-07-30,NA,16556
"1810",2018-08-06,0.03,16563
"1811",2018-08-20,0.021,16577
"1812",2018-09-04,0.078,16592
"1813",2018-09-17,0.089,16605
"1814",2018-10-01,0.092,16619
"1815",2018-10-04,NA,16622
"1816",2018-10-15,0.08,16633
"1817",2018-10-29,0.076,16647
"1818",2018-11-13,0.41,16663
"1819",2018-11-26,0.415666666666667,16676
"1820",2018-12-11,0.362,16691
"1821",2018-12-26,0.295,16706
"1822",2019-01-07,0.211,16718
"1823",2019-01-22,0.201,16733
"1824",2019-02-04,0.013,16746
"1825",2019-02-18,0.02,16760
"1826",2019-03-04,0.0886666666666667,16774
"1827",2019-03-06,0.086,16776
"1828",2019-03-18,0.085,16787
"1829",2019-04-08,0.013,16808
"1830",2019-04-22,0.005,16822
"1831",2019-05-06,NA,16836
"1832",2019-05-20,NA,16850
"1833",2019-06-03,NA,16864
"1834",2019-06-17,NA,16878
"1835",2019-06-20,0.014,16881
"1836",2019-07-01,NA,16892
"1837",2019-07-15,0.077,16906
"1838",2019-07-29,0.005,16920
"1839",2019-08-12,NA,16934
"1840",2019-08-26,0.011,16948
"1841",2019-09-09,0.026,16962
"1842",2019-09-23,0.018,16976
"1843",2019-10-08,0.074,16991
"1844",2019-10-21,0.277,17004
"1845",2019-11-04,0.315,17019
"1846",2019-11-18,0.325,17033
"1847",2019-12-02,0.182,17047
"1848",2019-12-16,0.052,17061
"1849",2019-12-30,0.116,17075
"1850",2020-01-13,0.176,17089
"1851",2020-01-27,0.031,17103
"1852",2020-02-10,NA,17117
"1853",2020-02-24,0.013,17131
"1854",2020-03-09,NA,17144
"1855",2020-03-23,NA,17158
"1856",2020-04-06,NA,17172
"1857",2020-04-20,NA,17186
"1858",2020-05-04,NA,17200
"1859",2020-05-18,NA,17214
"1860",2020-06-01,NA,17228
"1861",2020-06-15,0.013,17242
"1862",2020-06-29,0.023,17256
"1863",2020-07-13,0.01,17270
"1864",2020-07-27,0.006,17284
"1865",2020-08-10,0.006,17298
"1866",2020-08-24,NA,17312
"1867",2020-09-08,0.01,17327
"1868",2020-09-21,0.014,17340
"1869",2020-10-05,0.024,17354
"1870",2020-10-19,0.039,17368
"1871",2020-11-02,0.129,17383
"1872",2020-11-16,0.094,17397
"1873",2020-11-30,0.038,17411
"1874",2020-12-14,NA,17425
"1875",2020-12-28,0.045,17439
"1876",2021-01-11,0.022,17453
"1877",2021-01-25,NA,17467
"1878",2021-02-08,NA,17481
"1879",2021-02-22,0.032,17495
"1880",2021-03-08,0.017,17509
"1881",2021-03-22,0.007,17522
"1882",2021-04-05,0.008,17536
"1883",2021-04-19,NA,17550
"1884",2021-05-03,NA,17564
"1885",2021-05-17,NA,17578
"1886",2021-06-01,NA,17593
"1887",2021-06-14,NA,17606
"1888",2021-06-28,0.005,17620
"1889",2021-07-12,0.03,17634
"1890",2021-07-26,0.005,17648
"1891",2021-08-09,0.017,17662
"1892",2021-08-23,0.013,17676
"1893",2021-09-07,NA,17691
"1894",2021-09-20,0.012,17704
"1895",2021-10-04,0.012,17718
"1896",2021-10-18,0.018,17732
"1897",2021-11-01,0.03,17746
"1898",2021-11-15,0.044,17761
"1899",2021-11-29,0.072,17775
"1900",2021-12-13,0.048,17789
"1901",2021-12-27,0.237,17803
"1902",2022-01-10,0.127,17817
"1903",2022-01-24,0.108,17831
"1904",2022-02-07,NA,17845
"1905",2022-02-21,NA,17859
"1906",2022-03-07,0.005,17873
"1907",2022-03-21,NA,17886
"1908",2022-04-04,NA,17900
"1909",2022-04-18,NA,17914
"1910",2022-05-02,0.009,17928
"1911",2022-05-16,NA,17942
"1912",2022-05-31,NA,17957
"1913",2022-06-13,NA,17970
"1914",2022-06-27,NA,17984
"1915",2022-07-11,0.35,17998
"1916",2022-07-25,0.245,18012
"1917",2022-08-08,0.669,18026
"1918",2022-08-22,0.447,18040
"1919",2022-09-06,0.293,18055
"1920",2022-09-19,0.343,18068
"1921",2022-10-03,NA,18082
"1922",2022-10-17,NA,18096
"1923",2022-10-31,0.006,18110
"1924",2022-11-14,0.018,18125
"1925",2022-11-28,0.035,18139
"1926",2022-12-12,0.068,18153
"1927",2022-12-27,0.068,18168
"1928",2023-01-09,0.064,18181
"1929",2023-01-23,0.064,18195
"1930",2023-02-06,0.066,18209
"1931",2023-02-20,0.064,18223
"1932",2023-03-06,0.046,18237
"1933",2023-03-20,0.183,18250
"1934",2023-04-03,0.021,18264
"1935",2023-04-17,0.141,18278
"1936",2023-05-01,NA,18292
