"","date","S191_NITRATE+NITRITE-N_mg/L","days"
"1",1973-04-09,NA,9
"2",1973-04-16,0.277,16
"3",1973-04-23,0.004,23
"4",1973-04-30,1.11,29
"5",1973-05-07,0.885,36
"6",1973-05-14,0.762,43
"7",1973-05-21,0.648,50
"8",1973-05-29,0.403,58
"9",1973-06-04,0.404,64
"10",1973-06-11,0.354,71
"11",1973-06-18,0.34,78
"12",1973-06-25,0.32,85
"13",1973-07-02,0.303,92
"14",1973-07-09,0.017,99
"15",1973-07-16,0.06,106
"16",1973-07-23,0.047,113
"17",1973-07-30,0.088,120
"18",1973-08-06,0.071,127
"19",1973-08-13,0.212,134
"20",1973-08-20,0.117,141
"21",1973-08-27,0.129,148
"22",1973-09-04,0.038,156
"23",1973-09-10,0.161,162
"24",1973-09-17,0.044,169
"25",1973-09-24,0.168,176
"26",1973-10-01,0.328,183
"27",1973-10-08,0.576,190
"28",1973-10-15,0.244,197
"29",1973-10-23,0.332,205
"30",1973-10-29,0.44,212
"31",1973-11-12,0.49,226
"32",1973-11-26,0.368,240
"33",1973-12-11,0.33,255
"34",1973-12-17,0.706,261
"35",1974-01-29,0.65,303
"36",1974-02-28,0.4,333
"37",1974-03-19,0.07,352
"38",1974-05-13,NA,407
"39",1974-05-28,NA,422
"40",1974-06-10,0.039,435
"41",1974-06-24,0.008,449
"42",1974-07-08,0.095,463
"43",1974-07-22,0.068,477
"44",1974-08-05,0.117,491
"45",1974-08-19,0.233,505
"46",1974-09-03,0.162,520
"47",1974-09-16,0.367,533
"48",1974-09-30,0.513,547
"49",1974-10-14,0.454,561
"50",1974-10-28,0.52,576
"51",1974-11-12,0.66,591
"52",1974-11-25,0.991,604
"53",1974-12-09,1.049,618
"54",1974-12-23,1.026,632
"55",1975-01-06,0.833,646
"56",1975-01-21,0.72,661
"57",1975-02-03,0.647,674
"58",1975-02-17,0.641,688
"59",1975-03-03,0.503,701
"60",1975-03-17,0.273,715
"61",1975-03-31,0.064,729
"62",1975-04-14,0.06,743
"63",1975-04-29,0.012,758
"64",1975-05-27,0.018,786
"65",1975-06-10,0.086,800
"66",1975-06-30,0.009,820
"67",1975-07-15,0.175,835
"68",1975-07-22,0.133,842
"69",1975-07-28,0.172,848
"70",1975-08-05,0.122,856
"71",1975-08-11,0.274,862
"72",1975-08-19,0.323,870
"73",1975-08-25,0.44,876
"74",1975-09-02,0.647,884
"75",1975-09-10,0.84,892
"76",1975-09-15,0.677,897
"77",1975-09-25,0.21,907
"78",1975-09-29,0.263,911
"79",1975-10-06,0.246,918
"80",1975-10-13,0.302,925
"81",1975-10-21,0.904,933
"82",1975-10-27,0.791,940
"83",1975-11-04,0.667,948
"84",1975-11-17,0.886,961
"85",1975-12-01,1.368,975
"86",1975-12-15,1.706,989
"87",1975-12-29,1.698,1003
"88",1976-01-12,1.544,1017
"89",1976-01-28,1.48,1033
"90",1976-02-09,1.305,1045
"91",1976-02-20,1.18,1056
"92",1976-03-08,1.058,1073
"93",1976-03-23,0.773,1088
"94",1976-04-05,0.337,1101
"95",1976-04-19,0.336,1115
"96",1976-05-03,0.026,1128
"97",1976-05-17,0.119,1142
"98",1976-06-01,0.147,1157
"99",1976-06-14,0.109,1170
"100",1976-06-28,0.142,1184
"101",1976-07-12,0.176,1198
"102",1976-07-26,0.142,1212
"103",1976-08-09,0.203,1226
"104",1976-08-23,0.136,1240
"105",1976-09-07,0.258,1255
"106",1976-09-20,0.092,1268
"107",1976-10-04,0.217,1282
"108",1976-10-18,0.53,1296
"109",1976-11-01,1.062,1311
"110",1976-11-15,1.317,1325
"111",1976-12-27,1.14,1367
"112",1977-01-10,0.84,1381
"113",1977-01-24,0.656,1395
"114",1977-02-07,0.753,1409
"115",1977-02-23,0.738,1425
"116",1977-03-07,0.606,1437
"117",1977-03-21,0.244,1451
"118",1977-04-04,0.719,1465
"119",1977-04-19,0.339,1480
"120",1977-05-02,0.236,1492
"121",1977-05-16,0.126,1506
"122",1977-05-31,0.015,1521
"123",1977-06-27,0.084,1548
"124",1977-07-11,0.108,1562
"125",1977-07-25,0.196,1576
"126",1977-08-08,0.337,1590
"127",1977-08-22,0.518,1604
"128",1977-09-06,0.077,1619
"129",1977-09-19,0.005,1632
"130",1977-10-03,0.13,1646
"131",1977-10-17,0.592,1660
"132",1977-10-31,0.75,1675
"133",1977-11-21,1.13633333333333,1696
"134",1977-12-05,0.302,1710
"135",1977-12-19,0.197,1724
"136",1978-01-04,0.498,1740
"137",1978-01-16,0.784,1752
"138",1978-01-30,0.726,1766
"139",1978-02-13,0.96,1780
"140",1978-02-27,0.855,1794
"141",1978-03-13,0.234,1808
"142",1978-03-27,0.41,1822
"143",1978-04-10,0.687,1836
"144",1978-04-24,0.644,1850
"145",1978-05-08,0.353,1863
"146",1978-05-22,0.666,1877
"147",1978-06-05,0.531,1891
"148",1978-06-19,0.38,1905
"149",1978-07-05,0.227,1921
"150",1978-07-17,0.153,1933
"151",1978-07-31,0.101,1947
"152",1978-08-14,0.175,1961
"153",1978-08-28,0.221,1975
"154",1978-09-11,0.273,1989
"155",1978-09-25,0.598666666666667,2003
"156",1978-10-09,0.261,2017
"157",1978-10-23,1.051,2031
"158",1978-11-20,1.238,2060
"159",1978-12-04,0.607,2074
"160",1978-12-19,1.702,2089
"161",1979-01-08,0.557,2109
"162",1979-01-22,0.273,2123
"163",1979-02-05,0.502,2137
"164",1979-02-20,0.631,2152
"165",1979-03-05,0.981,2165
"166",1979-03-19,0.653,2179
"167",1979-04-02,0.948,2193
"168",1979-04-16,0.796666666666667,2207
"169",1979-04-30,0.846,2220
"170",1979-05-14,0.246,2234
"171",1979-05-29,0.169,2249
"172",1979-06-11,0.134,2262
"173",1979-06-25,0.128,2276
"174",1979-07-09,0.182,2290
"175",1979-07-23,0.105,2304
"176",1979-08-06,0.279,2318
"177",1979-08-20,0.006,2332
"178",1979-09-05,0.081,2348
"179",1979-09-18,0.008,2361
"180",1979-10-01,0.149,2374
"181",1979-10-15,0.141,2388
"182",1979-10-29,0.873666666666667,2403
"183",1979-11-13,1.599,2418
"184",1979-11-27,1.377,2432
"185",1979-12-11,1.494,2446
"186",1979-12-27,1.487,2462
"187",1980-01-08,1.572,2474
"188",1980-01-22,1.41,2488
"189",1980-02-05,1.041,2502
"190",1980-02-19,0.763,2516
"191",1980-03-04,0.555,2530
"192",1980-04-02,0.086,2559
"193",1980-04-16,0.641,2573
"194",1980-04-30,0.669,2586
"195",1980-05-13,0.533,2599
"196",1980-05-28,0.589,2614
"197",1980-06-09,0.896,2626
"198",1980-06-25,0.304,2642
"199",1980-07-08,0.256,2655
"200",1980-07-24,0.155,2671
"201",1980-08-04,0.031,2682
"202",1980-08-20,0.118,2698
"203",1980-09-03,0.303,2712
"204",1980-09-17,0.128,2726
"205",1980-10-01,0.142,2740
"206",1980-10-14,0.822,2753
"207",1980-10-29,0.623,2769
"208",1980-11-12,0.871,2783
"209",1980-12-02,1.09,2803
"210",1980-12-31,1.084,2832
"211",1981-01-14,1.538,2846
"212",1981-01-27,1.50966666666667,2859
"213",1981-02-11,1.388,2874
"214",1981-02-24,1.117,2887
"215",1981-03-11,1.039,2902
"216",1981-03-24,0.936,2915
"217",1981-04-08,0.865,2930
"218",1981-04-21,0.658,2943
"219",1981-05-06,0.163,2957
"220",1981-05-19,0.005,2970
"221",1981-06-02,NA,2984
"222",1981-06-17,NA,2999
"223",1981-06-30,NA,3012
"224",1981-07-16,NA,3028
"225",1981-07-28,0.011,3040
"226",1981-08-12,0.242,3055
"227",1981-08-25,0.04,3068
"228",1981-09-10,0.054,3084
"229",1981-09-23,0.164,3097
"230",1981-10-06,0.296,3110
"231",1981-10-20,1.029,3124
"232",1981-11-04,0.981,3140
"233",1981-12-02,1.16,3168
"234",1981-12-29,0.891666666666667,3195
"235",1982-02-24,0.661,3252
"236",1982-03-09,2.508,3265
"237",1982-04-05,0.643,3292
"238",1982-04-19,0.72,3306
"239",1982-05-04,0.715,3320
"240",1982-05-18,0.682,3334
"241",1982-06-01,0.27,3348
"242",1982-07-01,0.036,3378
"243",1982-07-12,0.154,3389
"244",1982-07-27,0.315,3404
"245",1982-08-25,0.29,3433
"246",1982-09-09,0.793,3448
"247",1982-09-21,0.311,3460
"248",1982-10-05,0.175,3474
"249",1982-10-20,0.27,3489
"250",1982-11-01,0.833,3502
"251",1982-11-22,0.748,3523
"252",1982-12-06,0.793,3537
"253",1982-12-22,1.262,3553
"254",1983-01-18,1.48,3580
"255",1983-02-01,0.762,3594
"256",1983-02-17,0.167,3610
"257",1983-03-02,0.151,3623
"258",1983-03-15,0.399,3636
"259",1983-03-29,0.196,3650
"260",1983-04-15,0.447,3667
"261",1983-04-26,0.588,3677
"262",1983-05-12,0.444,3693
"263",1983-06-21,0.033,3733
"264",1983-08-02,0.11,3775
"265",1983-08-30,0.087,3803
"266",1983-09-12,0.007,3816
"267",1983-10-10,0.186,3844
"268",1983-10-25,0.101,3859
"269",1983-11-08,0.339,3874
"270",1983-12-20,1.014,3916
"271",1984-01-04,0.926,3931
"272",1984-01-31,1.099,3958
"273",1984-02-14,1.009,3972
"274",1984-02-29,0.235,3987
"275",1984-04-09,0.605,4027
"276",1984-07-31,0.2,4139
"277",1984-08-13,0.148,4152
"278",1984-09-25,0.302,4195
"279",1984-10-09,0.324,4209
"280",1984-11-06,0.619,4238
"281",1984-12-04,0.443,4266
"282",1985-01-03,0.882,4296
"283",1985-01-15,0.907,4308
"284",1985-02-26,1.14,4350
"285",1985-03-26,0.156,4378
"286",1985-04-23,NA,4406
"287",1985-05-06,0.47,4418
"288",1985-06-19,0.005,4462
"289",1985-07-30,0.218,4503
"290",1985-08-27,0.112,4531
"291",1985-09-09,0.207,4544
"292",1985-09-24,0.34,4559
"293",1985-10-08,0.256,4573
"294",1985-11-05,1.09,4602
"295",1985-12-03,0.784,4630
"296",1985-12-30,0.893,4657
"297",1986-01-14,1.095,4672
"298",1986-01-28,1.73,4686
"299",1986-02-12,0.459,4701
"300",1986-02-25,NA,4714
"301",1986-03-11,0.077,4728
"302",1986-03-25,0.258,4742
"303",1986-04-08,0.303,4756
"304",1986-04-22,0.207,4770
"305",1986-05-06,0.018,4783
"306",1986-05-20,0.037,4797
"307",1986-06-04,0.01,4812
"308",1986-06-17,0.09,4825
"309",1986-06-23,0.139,4831
"310",1986-07-01,0.07,4839
"311",1986-07-15,0.053,4853
"312",1986-07-29,0.177,4867
"313",1986-08-14,0.264,4883
"314",1986-08-26,0.179,4895
"315",1986-09-09,0.222,4909
"316",1986-09-23,0.262,4923
"317",1986-10-07,0.53,4937
"318",1986-10-21,0.47,4951
"319",1986-11-04,0.386,4966
"320",1986-11-18,0.352,4980
"321",1986-12-03,0.561,4995
"322",1986-12-18,0.807,5010
"323",1987-01-07,0.345,5030
"324",1987-01-22,0.395,5045
"325",1987-02-03,0.813,5057
"326",1987-02-18,1.05,5072
"327",1987-03-03,1.022,5085
"328",1987-03-17,0.462,5099
"329",1987-03-31,0.229,5113
"330",1987-04-14,0.315,5126
"331",1987-04-28,0.279,5140
"332",1987-05-11,0.112,5153
"333",1987-05-26,0.127,5168
"334",1987-06-10,0.176,5183
"335",1987-06-24,0.014,5197
"336",1987-07-08,0.082,5211
"337",1987-07-21,0.088,5224
"338",1987-08-04,0.017,5238
"339",1987-08-18,0.042,5252
"340",1987-09-01,0.035,5266
"341",1987-09-29,0.061,5294
"342",1987-10-13,0.171,5308
"343",1987-10-28,0.274,5324
"344",1987-11-10,0.155,5337
"345",1987-11-12,0.22,5339
"346",1987-11-13,0.1725,5340
"347",1987-11-15,0.205,5342
"348",1987-11-17,0.207,5344
"349",1987-11-19,0.292,5346
"350",1987-11-20,0.404,5347
"351",1987-11-21,0.358,5348
"352",1987-11-22,0.336,5349
"353",1987-11-23,0.215,5350
"354",1987-11-24,0.227,5351
"355",1987-11-26,0.183,5353
"356",1987-11-28,0.182,5355
"357",1987-11-30,0.192,5357
"358",1987-12-02,0.216,5359
"359",1987-12-03,0.232,5360
"360",1987-12-06,0.269,5363
"361",1987-12-08,0.239,5365
"362",1987-12-09,0.333,5366
"363",1987-12-10,0.359,5367
"364",1987-12-11,0.352,5368
"365",1987-12-13,0.364,5370
"366",1987-12-14,0.377,5371
"367",1987-12-16,0.353,5373
"368",1987-12-17,0.352,5374
"369",1987-12-18,0.345,5375
"370",1987-12-20,0.329,5377
"371",1987-12-21,0.388,5378
"372",1987-12-22,0.378,5379
"373",1987-12-30,0.228,5387
"374",1988-01-01,0.219,5389
"375",1988-01-03,0.222,5391
"376",1988-01-05,0.373,5393
"377",1988-01-08,0.325,5396
"378",1988-01-09,0.194,5397
"379",1988-01-10,0.209,5398
"380",1988-01-13,0.43,5401
"381",1988-01-14,0.42,5402
"382",1988-01-15,0.431,5403
"383",1988-01-19,0.365666666666667,5407
"384",1988-01-21,0.4,5409
"385",1988-01-22,0.437,5410
"386",1988-01-23,0.442,5411
"387",1988-01-25,0.439,5413
"388",1988-01-27,0.404,5415
"389",1988-01-29,0.417,5417
"390",1988-02-01,0.408,5420
"391",1988-02-02,0.3915,5421
"392",1988-02-11,0.431,5430
"393",1988-02-13,0.477,5432
"394",1988-02-16,0.393,5435
"395",1988-02-17,0.3955,5436
"396",1988-02-19,0.293,5438
"397",1988-02-21,0.483,5440
"398",1988-02-23,0.504,5442
"399",1988-02-29,0.357,5448
"400",1988-03-01,0.552,5449
"401",1988-03-02,0.445,5450
"402",1988-03-03,0.367,5451
"403",1988-03-07,0.651,5455
"404",1988-03-11,0.404,5459
"405",1988-03-13,0.392,5461
"406",1988-03-14,0.351,5462
"407",1988-03-15,0.373,5463
"408",1988-03-16,0.165,5464
"409",1988-03-18,0.369,5466
"410",1988-03-19,0.362,5467
"411",1988-03-20,0.259,5468
"412",1988-03-21,0.2295,5469
"413",1988-03-22,0.22,5470
"414",1988-03-23,0.261,5471
"415",1988-03-28,0.405,5476
"416",1988-03-29,0.444,5477
"417",1988-04-04,0.399,5482
"418",1988-04-06,0.425,5484
"419",1988-04-07,0.387,5485
"420",1988-04-08,0.377,5486
"421",1988-04-09,0.367,5487
"422",1988-04-10,0.358,5488
"423",1988-04-11,0.2225,5489
"424",1988-04-12,0.408,5490
"425",1988-04-13,0.416,5491
"426",1988-04-14,0.404,5492
"427",1988-04-15,0.393,5493
"428",1988-04-16,0.381,5494
"429",1988-04-17,0.362,5495
"430",1988-04-18,0.412,5496
"431",1988-04-19,0.42,5497
"432",1988-04-20,0.375,5498
"433",1988-04-25,0.243,5503
"434",1988-04-26,0.269,5504
"435",1988-04-28,0.24,5506
"436",1988-04-29,0.206,5507
"437",1988-04-30,0.1995,5508
"438",1988-05-01,0.1975,5509
"439",1988-05-03,0.187,5511
"440",1988-05-04,0.281,5512
"441",1988-05-05,0.254,5513
"442",1988-05-06,0.23,5514
"443",1988-05-07,0.214,5515
"444",1988-05-08,0.208,5516
"445",1988-05-09,0.22375,5517
"446",1988-05-10,0.273,5518
"447",1988-05-11,0.292,5519
"448",1988-05-16,0.1715,5524
"449",1988-05-17,0.192,5525
"450",1988-05-18,0.209,5526
"451",1988-05-19,0.161,5527
"452",1988-05-20,0.156,5528
"453",1988-05-23,0.138,5531
"454",1988-05-24,0.153,5532
"455",1988-05-31,0.072,5539
"456",1988-06-01,0.237,5540
"457",1988-06-02,0.153,5541
"458",1988-06-03,0.129,5542
"459",1988-06-04,0.132,5543
"460",1988-06-05,0.085,5544
"461",1988-06-06,0.076,5545
"462",1988-06-07,0.156,5546
"463",1988-06-08,0.154,5547
"464",1988-06-09,0.1355,5548
"465",1988-06-10,0.075,5549
"466",1988-06-11,0.065,5550
"467",1988-06-12,0.055,5551
"468",1988-06-14,0.033,5553
"469",1988-06-15,0.102,5554
"470",1988-06-16,0.049,5555
"471",1988-06-17,0.026,5556
"472",1988-06-18,0.062,5557
"473",1988-06-19,0.019,5558
"474",1988-06-20,NA,5559
"475",1988-06-21,0.023,5560
"476",1988-06-29,0.116,5568
"477",1988-06-30,0.049,5569
"478",1988-07-01,0.031,5570
"479",1988-07-02,0.025,5571
"480",1988-07-03,0.029,5572
"481",1988-07-06,0.0366666666666667,5575
"482",1988-07-07,0.0606666666666667,5576
"483",1988-07-13,NA,5582
"484",1988-07-15,0.142,5584
"485",1988-07-16,0.0335,5585
"486",1988-07-17,0.031,5586
"487",1988-07-18,0.0195,5587
"488",1988-07-19,NA,5588
"489",1988-07-25,0.008,5594
"490",1988-07-27,0.101,5596
"491",1988-07-29,0.059,5598
"492",1988-07-30,0.0415,5599
"493",1988-08-01,0.037,5601
"494",1988-08-02,0.0505,5602
"495",1988-08-03,0.0255,5603
"496",1988-08-04,0.011,5604
"497",1988-08-05,0.006,5605
"498",1988-08-06,0.01,5606
"499",1988-08-07,0.009,5607
"500",1988-08-08,0.032,5608
"501",1988-08-09,0.033,5609
"502",1988-08-10,0.04,5610
"503",1988-08-11,0.128,5611
"504",1988-08-12,0.015,5612
"505",1988-08-14,0.06,5614
"506",1988-08-15,0.071,5615
"507",1988-08-16,0.03,5616
"508",1988-08-17,0.104,5617
"509",1988-08-19,0.208,5619
"510",1988-08-21,0.071,5621
"511",1988-08-22,0.068,5622
"512",1988-08-23,0.334,5623
"513",1988-08-25,0.465,5625
"514",1988-08-27,0.124,5627
"515",1988-08-28,0.082,5628
"516",1988-08-30,0.126333333333333,5630
"517",1988-08-31,0.693,5631
"518",1988-09-01,0.498,5632
"519",1988-09-03,0.271,5634
"520",1988-09-05,0.16,5636
"521",1988-09-07,0.155333333333333,5638
"522",1988-09-08,0.398,5639
"523",1988-09-09,0.331,5640
"524",1988-09-10,0.364,5641
"525",1988-09-11,0.361,5642
"526",1988-09-12,0.2775,5643
"527",1988-09-13,0.443,5644
"528",1988-09-14,0.014,5645
"529",1988-09-15,0.087,5646
"530",1988-09-19,0.265,5650
"531",1988-09-21,0.228,5652
"532",1988-09-22,0.209,5653
"533",1988-09-23,0.132,5654
"534",1988-09-25,0.065,5656
"535",1988-09-26,0.037,5657
"536",1988-09-27,0.208,5658
"537",1988-09-29,NA,5660
"538",1988-10-01,0.068,5662
"539",1988-10-02,0.051,5663
"540",1988-10-03,0.147,5664
"541",1988-10-05,0.012,5666
"542",1988-10-07,0.014,5668
"543",1988-10-09,0.013,5670
"544",1988-10-11,0.2575,5672
"545",1988-10-13,0.053,5674
"546",1988-10-14,0.038,5675
"547",1988-10-16,0.034,5677
"548",1988-10-17,0.2265,5678
"549",1988-10-19,0.118,5680
"550",1988-10-21,0.056,5682
"551",1988-10-23,0.011,5684
"552",1988-10-25,0.2135,5686
"553",1988-10-27,0.046,5688
"554",1988-10-28,0.056,5689
"555",1988-11-03,0.435,5696
"556",1988-11-04,0.377,5697
"557",1988-11-06,0.208,5699
"558",1988-11-08,0.348,5701
"559",1988-11-10,0.207,5703
"560",1988-11-12,0.1,5705
"561",1988-11-14,0.058,5707
"562",1988-11-16,0.119,5709
"563",1988-11-18,0.074,5711
"564",1988-11-20,0.049,5713
"565",1988-11-22,0.2545,5715
"566",1988-11-23,0.233,5716
"567",1988-11-24,0.114,5717
"568",1988-11-30,0.349,5723
"569",1988-12-02,0.314,5725
"570",1988-12-04,0.075,5727
"571",1988-12-06,0.44,5729
"572",1988-12-20,0.5775,5743
"573",1988-12-29,0.099,5752
"574",1989-01-01,0.081,5755
"575",1989-01-02,0.109,5756
"576",1989-01-03,0.506,5757
"577",1989-01-04,0.296,5758
"578",1989-01-17,0.284,5771
"579",1989-01-18,0.157,5772
"580",1989-01-19,0.033,5773
"581",1989-01-21,0.007,5775
"582",1989-01-23,NA,5777
"583",1989-01-25,NA,5779
"584",1989-01-27,NA,5781
"585",1989-01-30,NA,5784
"586",1989-01-31,0.233,5785
"587",1989-02-06,0.158,5791
"588",1989-02-08,0.008,5793
"589",1989-02-11,NA,5796
"590",1989-02-14,NA,5799
"591",1989-02-18,NA,5803
"592",1989-02-21,0.007,5806
"593",1989-02-23,0.0233333333333333,5808
"594",1989-02-25,0.083,5810
"595",1989-02-28,0.0805,5813
"596",1989-03-01,0.068,5814
"597",1989-03-03,0.081,5816
"598",1989-03-05,0.058,5818
"599",1989-03-07,0.056,5820
"600",1989-03-08,0.02,5821
"601",1989-03-15,0.0613333333333333,5828
"602",1989-03-18,0.012,5831
"603",1989-03-20,0.012,5833
"604",1989-03-21,NA,5834
"605",1989-03-22,0.014,5835
"606",1989-03-24,0.006,5837
"607",1989-03-26,0.013,5839
"608",1989-03-27,NA,5840
"609",1989-03-28,NA,5841
"610",1989-03-31,NA,5844
"611",1989-04-03,NA,5846
"612",1989-04-11,NA,5854
"613",1989-04-13,0.008,5856
"614",1989-04-16,0.009,5859
"615",1989-04-17,NA,5860
"616",1989-04-20,0.0165,5863
"617",1989-04-24,0.0045,5867
"618",1989-04-25,0.009,5868
"619",1989-04-26,NA,5869
"620",1989-04-28,0.015,5871
"621",1989-05-01,0.0085,5874
"622",1989-05-02,5e-04,5875
"623",1989-05-03,NA,5876
"624",1989-05-04,0.005,5877
"625",1989-05-08,0.008,5881
"626",1989-05-10,0.005,5883
"627",1989-05-12,NA,5885
"628",1989-05-14,0.009,5887
"629",1989-05-16,0.005,5889
"630",1989-05-17,0.008,5890
"631",1989-05-20,0.01,5893
"632",1989-05-21,NA,5894
"633",1989-05-22,NA,5895
"634",1989-05-23,0.255,5896
"635",1989-05-31,0.005,5904
"636",1989-06-06,0.028,5910
"637",1989-06-09,NA,5913
"638",1989-06-12,NA,5916
"639",1989-06-13,0.0015,5917
"640",1989-06-19,0.005,5923
"641",1989-06-21,0.006,5925
"642",1989-06-22,NA,5926
"643",1989-06-23,NA,5927
"644",1989-06-25,0.004,5929
"645",1989-06-26,NA,5930
"646",1989-06-28,NA,5932
"647",1989-06-30,NA,5934
"648",1989-07-02,NA,5936
"649",1989-07-03,NA,5937
"650",1989-07-06,NA,5940
"651",1989-07-07,0.004,5941
"652",1989-07-08,0.01,5942
"653",1989-07-09,0.006,5943
"654",1989-07-10,NA,5944
"655",1989-07-11,0.008,5945
"656",1989-07-14,0.004,5948
"657",1989-07-15,0.017,5949
"658",1989-07-16,NA,5950
"659",1989-07-18,0.034,5952
"660",1989-07-19,0.066,5953
"661",1989-07-20,0.04,5954
"662",1989-07-22,0.022,5956
"663",1989-07-24,0.008,5958
"664",1989-07-25,0.04,5959
"665",1989-07-26,0.009,5960
"666",1989-07-28,0.021,5962
"667",1989-07-30,0.012,5964
"668",1989-07-31,0.04,5965
"669",1989-08-02,0.03,5967
"670",1989-08-04,NA,5969
"671",1989-08-06,0.005,5971
"672",1989-08-07,0.024,5972
"673",1989-08-14,0.049,5979
"674",1989-08-15,0.044,5980
"675",1989-08-21,0.108,5986
"676",1989-08-28,0.078,5993
"677",1989-08-30,0.06,5995
"678",1989-09-06,0.076,6002
"679",1989-09-12,0.065,6008
"680",1989-09-13,0.069,6009
"681",1989-09-15,0.085,6011
"682",1989-09-17,0.102,6013
"683",1989-09-19,0.107,6015
"684",1989-09-20,0.125,6016
"685",1989-09-22,0.142,6018
"686",1989-09-24,0.169,6020
"687",1989-09-25,0.25,6021
"688",1989-09-27,0.146,6023
"689",1989-09-28,0.161,6024
"690",1989-09-29,0.131,6025
"691",1989-10-01,0.139,6027
"692",1989-10-03,0.147,6029
"693",1989-10-05,0.118,6031
"694",1989-10-07,0.154,6033
"695",1989-10-09,0.1185,6035
"696",1989-10-11,0.084,6037
"697",1989-10-13,0.033,6039
"698",1989-10-15,0.065,6041
"699",1989-10-17,0.087,6043
"700",1989-10-20,0.161,6046
"701",1989-10-22,0.212,6048
"702",1989-10-24,0.229,6050
"703",1989-10-25,0.23,6051
"704",1989-10-27,0.26,6053
"705",1989-10-29,0.307,6055
"706",1989-10-31,0.347,6058
"707",1989-11-01,0.273,6059
"708",1989-11-03,0.427,6061
"709",1989-11-05,0.307,6063
"710",1989-11-07,0.496,6065
"711",1989-11-08,0.4505,6066
"712",1989-11-11,0.403,6069
"713",1989-11-14,0.5585,6072
"714",1989-11-16,0.487,6074
"715",1989-11-18,0.509,6076
"716",1989-11-20,0.581666666666667,6078
"717",1989-11-21,0.479,6079
"718",1989-11-24,0.489,6082
"719",1989-11-27,0.6265,6085
"720",1989-12-04,0.6055,6092
"721",1989-12-05,0.577,6093
"722",1989-12-08,0.488,6096
"723",1989-12-11,0.629,6099
"724",1989-12-13,0.466,6101
"725",1989-12-16,0.496,6104
"726",1989-12-18,0.546,6106
"727",1989-12-19,0.456,6107
"728",1989-12-20,0.417,6108
"729",1989-12-21,0.428,6109
"730",1989-12-22,0.464,6110
"731",1989-12-23,0.509,6111
"732",1989-12-24,0.621,6112
"733",1989-12-25,0.568,6113
"734",1989-12-26,0.696,6114
"735",1989-12-28,0.328,6116
"736",1989-12-29,0.606,6117
"737",1989-12-30,0.476,6118
"738",1989-12-31,0.527,6119
"739",1990-01-01,0.188,6120
"740",1990-01-02,0.591,6121
"741",1990-01-03,0.264,6122
"742",1990-01-08,0.565,6127
"743",1990-01-10,0.535,6129
"744",1990-01-12,0.504,6131
"745",1990-01-14,0.512,6133
"746",1990-01-16,0.756,6135
"747",1990-01-22,0.796,6141
"748",1990-01-23,0.505,6142
"749",1990-01-24,0.3,6143
"750",1990-01-25,0.505,6144
"751",1990-01-26,0.402,6145
"752",1990-01-27,0.463,6146
"753",1990-01-28,0.368,6147
"754",1990-01-29,0.249,6148
"755",1990-01-30,0.61,6149
"756",1990-02-05,0.675,6155
"757",1990-02-07,0.418,6157
"758",1990-02-09,0.404,6159
"759",1990-02-11,0.422,6161
"760",1990-02-12,0.619,6162
"761",1990-02-13,0.611,6163
"762",1990-02-20,0.661,6170
"763",1990-02-26,0.592,6176
"764",1990-02-27,4.912,6177
"765",1990-02-28,0.421,6178
"766",1990-03-02,0.411,6180
"767",1990-03-04,0.418,6182
"768",1990-03-07,0.425,6185
"769",1990-03-09,0.442,6187
"770",1990-03-11,0.439,6189
"771",1990-03-12,0.6175,6190
"772",1990-03-19,0.574,6197
"773",1990-03-27,0.508,6205
"774",1990-03-28,0.44,6206
"775",1990-03-30,0.415,6208
"776",1990-04-01,0.428,6210
"777",1990-04-02,0.593,6210
"778",1990-04-10,0.58,6218
"779",1990-04-11,0.44,6219
"780",1990-04-13,0.428,6221
"781",1990-04-15,0.445,6223
"782",1990-04-17,0.585,6225
"783",1990-04-19,0.433,6227
"784",1990-04-21,0.403,6229
"785",1990-04-23,0.398,6231
"786",1990-04-24,0.5555,6232
"787",1990-04-30,0.531,6238
"788",1990-05-02,0.342,6240
"789",1990-05-04,0.321,6242
"790",1990-05-06,0.315,6244
"791",1990-05-07,0.426,6245
"792",1990-05-08,0.397,6246
"793",1990-05-09,0.468,6247
"794",1990-05-11,0.251,6249
"795",1990-05-13,0.245,6251
"796",1990-05-14,0.379,6252
"797",1990-05-16,0.234,6254
"798",1990-05-18,0.249,6256
"799",1990-05-20,0.251,6258
"800",1990-05-21,0.351,6259
"801",1990-05-29,0.337,6267
"802",1990-06-04,0.238,6273
"803",1990-06-05,0.223,6274
"804",1990-06-12,0.063,6281
"805",1990-06-18,NA,6287
"806",1990-06-20,NA,6289
"807",1990-06-25,NA,6294
"808",1990-07-02,0.004,6301
"809",1990-07-03,NA,6302
"810",1990-07-09,0.005,6308
"811",1990-07-16,0.031,6315
"812",1990-07-18,0.078,6317
"813",1990-07-23,0.161,6322
"814",1990-07-30,0.133,6329
"815",1990-08-01,0.013,6331
"816",1990-08-06,0.144,6336
"817",1990-08-13,0.091,6343
"818",1990-08-15,0.063,6345
"819",1990-08-20,0.051,6350
"820",1990-08-27,0.029,6357
"821",1990-08-29,0.113,6359
"822",1990-09-04,0.105,6365
"823",1990-09-12,0.068,6373
"824",1990-09-17,0.119,6378
"825",1990-09-24,0.207,6385
"826",1990-09-25,0.218,6386
"827",1990-10-01,0.157,6392
"828",1990-10-09,0.145,6400
"829",1990-10-16,0.149,6407
"830",1990-10-22,0.183,6413
"831",1990-10-24,0.213,6415
"832",1990-10-31,0.359,6423
"833",1990-11-06,0.4755,6429
"834",1990-11-13,0.6,6436
"835",1990-11-19,0.635,6442
"836",1990-11-20,0.817,6443
"837",1990-11-26,0.712,6449
"838",1990-12-03,0.732,6456
"839",1990-12-04,0.693,6457
"840",1990-12-10,0.754,6463
"841",1990-12-18,0.4925,6471
"842",1990-12-26,0.655,6479
"843",1990-12-29,0.36,6482
"844",1990-12-31,0.592,6484
"845",1991-01-07,0.628,6491
"846",1991-01-14,0.597,6498
"847",1991-01-15,0.604,6499
"848",1991-01-17,0.577,6501
"849",1991-01-28,0.4,6512
"850",1991-01-29,0.398,6513
"851",1991-02-04,0.374,6519
"852",1991-02-11,0.376,6526
"853",1991-02-12,0.404,6527
"854",1991-02-19,0.449,6534
"855",1991-02-25,0.404,6540
"856",1991-02-26,0.355,6541
"857",1991-03-04,0.374,6547
"858",1991-03-11,0.283,6554
"859",1991-03-12,0.281,6555
"860",1991-03-18,0.31,6561
"861",1991-03-25,0.52,6568
"862",1991-04-01,0.528,6575
"863",1991-04-08,0.402,6581
"864",1991-04-09,0.326,6582
"865",1991-04-15,0.243,6588
"866",1991-04-22,0.216,6595
"867",1991-04-23,0.195,6596
"868",1991-04-29,0.136,6602
"869",1991-05-07,0.1275,6610
"870",1991-05-13,0.161,6616
"871",1991-05-20,0.231,6623
"872",1991-05-22,0.289,6625
"873",1991-05-28,0.17,6631
"874",1991-06-03,0.067,6637
"875",1991-06-04,0.061,6638
"876",1991-06-10,0.118,6644
"877",1991-06-17,0.073,6651
"878",1991-06-24,0.079,6658
"879",1991-07-01,0.1,6665
"880",1991-07-02,0.106,6666
"881",1991-07-08,0.146,6672
"882",1991-07-16,0.17,6680
"883",1991-07-23,0.186,6687
"884",1991-07-29,0.184,6693
"885",1991-07-30,0.196,6694
"886",1991-08-05,0.184,6700
"887",1991-08-12,0.116,6707
"888",1991-08-13,0.104,6708
"889",1991-08-20,0.124,6715
"890",1991-08-27,0.119,6722
"891",1991-08-28,0.123,6723
"892",1991-09-03,0.146,6729
"893",1991-09-10,0.187,6736
"894",1991-09-16,0.147,6742
"895",1991-09-24,0.194,6750
"896",1991-09-25,0.203,6751
"897",1991-09-30,0.144,6756
"898",1991-10-07,0.109,6763
"899",1991-10-08,0.108,6764
"900",1991-10-14,0.072,6770
"901",1991-10-21,0.207,6777
"902",1991-10-23,0.225,6779
"903",1991-10-28,0.241,6785
"904",1991-11-04,0.378,6792
"905",1991-11-05,0.641,6793
"906",1991-11-12,0.63,6800
"907",1991-11-18,0.641,6806
"908",1991-11-20,1.75,6808
"909",1991-11-25,0.66,6813
"910",1991-12-02,0.6585,6820
"911",1991-12-04,0.667,6822
"912",1991-12-09,0.6575,6827
"913",1991-12-16,0.644,6834
"914",1991-12-17,0.641,6835
"915",1991-12-23,0.489,6841
"916",1991-12-30,0.623,6848
"917",1991-12-31,0.587,6849
"918",1992-01-06,0.543,6855
"919",1992-01-13,0.4655,6862
"920",1992-01-14,0.473,6863
"921",1992-01-21,0.425,6870
"922",1992-01-27,0.436,6876
"923",1992-01-28,0.837,6877
"924",1992-02-04,0.4155,6884
"925",1992-02-10,0.385,6890
"926",1992-02-11,0.368,6891
"927",1992-02-19,0.237,6899
"928",1992-02-24,0.127,6904
"929",1992-02-27,0.144,6907
"930",1992-03-03,0.15,6912
"931",1992-03-09,0.19,6918
"932",1992-03-11,0.157,6920
"933",1992-03-16,0.194,6925
"934",1992-03-23,0.192,6932
"935",1992-03-25,0.211,6934
"936",1992-03-30,0.213,6939
"937",1992-04-06,0.0965,6945
"938",1992-04-14,0.0595,6953
"939",1992-04-20,0.024,6959
"940",1992-04-21,0.031,6960
"941",1992-04-27,NA,6966
"942",1992-05-04,0,6973
"943",1992-05-11,NA,6980
"944",1992-05-18,0.005,6987
"945",1992-05-19,NA,6988
"946",1992-05-26,NA,6995
"947",1992-06-01,0.002,7001
"948",1992-06-08,0.006,7008
"949",1992-06-15,0.0055,7015
"950",1992-06-22,NA,7022
"951",1992-06-29,0.183,7029
"952",1992-07-06,NA,7036
"953",1992-07-13,0.001,7043
"954",1992-07-21,0.081,7051
"955",1992-07-27,0.0835,7057
"956",1992-08-03,0.059,7064
"957",1992-08-10,0.155,7071
"958",1992-08-11,0.158,7072
"959",1992-08-17,0.13,7078
"960",1992-08-25,0.119,7086
"961",1992-08-31,0.1255,7092
"962",1992-09-08,0.186,7100
"963",1992-09-09,0.191,7101
"964",1992-09-15,0.1535,7107
"965",1992-09-21,0.196,7113
"966",1992-09-22,0.202,7114
"967",1992-09-28,0.189,7120
"968",1992-10-05,0.242,7127
"969",1992-10-06,0.253,7128
"970",1992-10-14,0.228,7136
"971",1992-10-20,0.2365,7142
"972",1992-10-27,0.298,7150
"973",1992-11-02,0.178,7156
"974",1992-11-03,0.281,7157
"975",1992-11-10,0.331,7164
"976",1992-11-17,0.201,7171
"977",1992-11-18,0.455,7172
"978",1992-11-23,0.331666666666667,7177
"979",1992-11-30,0.346,7184
"980",1992-12-10,0.247666666666667,7194
"981",1992-12-14,0.382,7198
"982",1992-12-15,0.421,7199
"983",1992-12-22,0.417,7206
"984",1992-12-30,0.1865,7214
"985",1993-01-06,0.288,7221
"986",1993-01-11,0.254,7226
"987",1993-01-13,0.193,7228
"988",1993-01-21,0.323,7236
"989",1993-01-27,0.185,7242
"990",1993-01-28,0.208,7243
"991",1993-02-03,0.22,7249
"992",1993-02-08,0.282,7254
"993",1993-02-10,0.278,7256
"994",1993-02-18,0.282,7264
"995",1993-02-24,0.22,7270
"996",1993-03-03,0.204,7277
"997",1993-03-08,0.127,7282
"998",1993-03-10,0.1035,7284
"999",1993-03-17,0.132,7291
"1000",1993-03-25,0.0905,7299
"1001",1993-03-30,0.107,7304
"1002",1993-04-05,0.15,7309
"1003",1993-04-06,0.174,7310
"1004",1993-04-13,0.258,7317
"1005",1993-04-20,0.28,7324
"1006",1993-04-21,0.307,7325
"1007",1993-04-27,0.287,7331
"1008",1993-05-04,0.267,7338
"1009",1993-05-11,0.162,7345
"1010",1993-05-18,0.189,7352
"1011",1993-05-19,0.225,7353
"1012",1993-05-25,0.091,7359
"1013",1993-06-02,0.0743333333333333,7367
"1014",1993-06-08,0.009,7373
"1015",1993-06-16,0.0698,7381
"1016",1993-06-22,0.035,7387
"1017",1993-06-26,0.009,7391
"1018",1993-06-29,0.04,7394
"1019",1993-07-07,0.071,7402
"1020",1993-07-13,0.018,7408
"1021",1993-07-15,0.01375,7410
"1022",1993-07-20,0.011,7415
"1023",1993-07-22,0.0095,7417
"1024",1993-07-28,NA,7423
"1025",1993-08-03,NA,7429
"1026",1993-08-09,0.01175,7435
"1027",1993-08-10,0.004,7436
"1028",1993-08-17,0.0338,7443
"1029",1993-08-24,0.0155,7450
"1030",1993-08-25,0.05,7451
"1031",1993-08-31,0.0178,7457
"1032",1993-09-07,0.094,7464
"1033",1993-09-08,0.07,7465
"1034",1993-09-14,0.11,7471
"1035",1993-09-21,0.152333333333333,7478
"1036",1993-09-28,0.1064,7485
"1037",1993-10-04,0.208,7491
"1038",1993-10-05,0.079,7492
"1039",1993-10-12,0.1402,7499
"1040",1993-10-14,0.005,7501
"1041",1993-10-19,0.0888,7506
"1042",1993-10-20,0.152,7507
"1043",1993-10-26,0.0564,7513
"1044",1993-11-01,0.159,7520
"1045",1993-11-02,0.0925,7521
"1046",1993-11-09,0.1494,7528
"1047",1993-11-16,NA,7535
"1048",1993-11-18,0.323,7537
"1049",1993-11-23,0.13,7542
"1050",1993-11-29,0.1925,7548
"1051",1993-12-15,0.342,7564
"1052",1993-12-27,0.2165,7576
"1053",1994-01-03,0.285,7583
"1054",1994-01-04,0.251,7584
"1055",1994-01-11,0.18125,7591
"1056",1994-01-19,0.192,7599
"1057",1994-01-20,0.139,7600
"1058",1994-01-25,0.189,7605
"1059",1994-01-31,0.17,7611
"1060",1994-02-01,0.171,7612
"1061",1994-02-08,0.0956,7619
"1062",1994-02-15,0.203,7626
"1063",1994-02-16,0.512,7627
"1064",1994-02-23,0.174,7634
"1065",1994-03-01,0.082,7640
"1066",1994-03-02,0.221,7641
"1067",1994-03-08,0.302,7647
"1068",1994-03-15,0.249,7654
"1069",1994-03-22,0.165,7661
"1070",1994-03-28,0.195,7667
"1071",1994-03-29,0.173,7668
"1072",1994-04-05,0.117,7674
"1073",1994-04-12,0.051,7681
"1074",1994-04-19,0.034,7688
"1075",1994-04-25,0.091,7694
"1076",1994-04-26,0.0165,7695
"1077",1994-05-02,0.122,7701
"1078",1994-05-03,0.012,7702
"1079",1994-05-10,0.0775,7709
"1080",1994-05-17,0.051,7716
"1081",1994-05-18,0.113,7717
"1082",1994-05-24,0.0695,7723
"1083",1994-06-01,0.069,7731
"1084",1994-06-03,0.10975,7733
"1085",1994-06-07,0.056,7737
"1086",1994-06-14,0.0185,7744
"1087",1994-06-21,0.096,7751
"1088",1994-06-28,0.08,7758
"1089",1994-07-05,0.056,7765
"1090",1994-07-07,0.56,7767
"1091",1994-07-12,0.091,7772
"1092",1994-07-20,0.0603333333333333,7780
"1093",1994-07-26,0.163,7786
"1094",1994-08-02,0.138,7793
"1095",1994-08-03,0.14,7794
"1096",1994-08-10,0.0665,7801
"1097",1994-08-15,0.101,7806
"1098",1994-08-24,0.022,7815
"1099",1994-08-29,0.0775,7820
"1100",1994-08-30,0.109,7821
"1101",1994-09-07,0.137,7829
"1102",1994-09-12,0.163,7834
"1103",1994-09-14,0.192,7836
"1104",1994-09-21,0.086,7843
"1105",1994-09-28,0.086,7850
"1106",1994-10-05,0.133,7857
"1107",1994-10-10,0.168,7862
"1108",1994-10-11,0.177,7863
"1109",1994-10-19,0.219,7871
"1110",1994-10-24,0.306,7876
"1111",1994-10-25,0.1986,7877
"1112",1994-11-01,0.229,7885
"1113",1994-11-07,0.228,7891
"1114",1994-11-21,0.076,7905
"1115",1994-11-22,0.0875,7906
"1116",1994-11-30,0.146,7914
"1117",1994-12-05,0.466,7919
"1118",1994-12-06,0.2255,7920
"1119",1994-12-19,0.201,7933
"1120",1994-12-21,0.434,7935
"1121",1995-01-03,0.259,7948
"1122",1995-01-04,0.122,7949
"1123",1995-01-10,0.198,7955
"1124",1995-01-17,0.1195,7962
"1125",1995-01-25,0.1008,7970
"1126",1995-01-31,0.248,7976
"1127",1995-02-01,0.1592,7977
"1128",1995-02-13,0.36,7989
"1129",1995-02-15,0.2106,7991
"1130",1995-02-22,0.261,7998
"1131",1995-03-01,0.1678,8005
"1132",1995-03-08,0.175,8012
"1133",1995-03-13,0.2885,8017
"1134",1995-03-15,0.1576,8019
"1135",1995-03-28,0.18675,8032
"1136",1995-03-29,0.1764,8033
"1137",1995-04-05,0.2062,8039
"1138",1995-04-10,0.3875,8044
"1139",1995-04-12,0.2094,8046
"1140",1995-04-19,0.1972,8053
"1141",1995-04-24,0.311,8058
"1142",1995-04-26,0.1338,8060
"1143",1995-05-03,0.095,8067
"1144",1995-05-08,0.034,8072
"1145",1995-05-10,0.0776,8074
"1146",1995-05-17,0.0384,8081
"1147",1995-05-22,0.08,8086
"1148",1995-05-24,0.0332,8088
"1149",1995-05-31,0.0224,8095
"1150",1995-06-05,0.016,8100
"1151",1995-06-07,0.0084,8102
"1152",1995-06-14,0.0024,8109
"1153",1995-06-19,0.013,8114
"1154",1995-06-20,0.0138,8115
"1155",1995-06-28,0.0398,8123
"1156",1995-07-05,0.041,8130
"1157",1995-07-12,0.0432,8137
"1158",1995-07-17,0.123,8142
"1159",1995-07-19,0.0776,8144
"1160",1995-07-26,0.085,8151
"1161",1995-08-03,0.042,8159
"1162",1995-08-09,0.0236,8165
"1163",1995-08-14,0.1,8170
"1164",1995-08-16,0.0482,8172
"1165",1995-08-23,0.06,8179
"1166",1995-08-29,0.058,8185
"1167",1995-08-30,0.0367142857142857,8186
"1168",1995-09-06,0.0656,8193
"1169",1995-09-11,0.087,8198
"1170",1995-09-13,0.0522,8200
"1171",1995-09-20,0.069,8207
"1172",1995-09-26,0.127,8213
"1173",1995-09-27,0.089,8214
"1174",1995-10-04,0.0924,8221
"1175",1995-10-09,0.103,8226
"1176",1995-10-11,0.0558,8228
"1177",1995-10-18,0.0443333333333333,8235
"1178",1995-10-24,0.044,8241
"1179",1995-10-25,0.0634,8242
"1180",1995-11-01,0.1298,8250
"1181",1995-11-06,0.382,8255
"1182",1995-11-08,0.2486,8257
"1183",1995-11-15,0.324,8264
"1184",1995-11-19,0.606,8268
"1185",1995-11-20,0.362,8269
"1186",1995-11-29,0.2995,8278
"1187",1995-12-04,0.3876,8283
"1188",1995-12-06,0.3376,8285
"1189",1995-12-13,0.2934,8292
"1190",1995-12-19,0.249,8298
"1191",1995-12-20,0.2814,8299
"1192",1995-12-27,0.296,8306
"1193",1996-01-02,0.478,8312
"1194",1996-01-03,0.216,8313
"1195",1996-01-10,0.3026,8320
"1196",1996-01-16,0.3246,8326
"1197",1996-01-18,0.2808,8328
"1198",1996-01-24,0.2136,8334
"1199",1996-01-29,0.371,8339
"1200",1996-01-31,0.2112,8341
"1201",1996-02-07,0.1764,8348
"1202",1996-02-12,0.131,8353
"1203",1996-02-14,0.13125,8355
"1204",1996-02-21,0.0668,8362
"1205",1996-02-26,0.071,8367
"1206",1996-02-28,0.037,8369
"1207",1996-03-06,0.0252,8376
"1208",1996-03-11,0.0414,8381
"1209",1996-03-13,0.1414,8383
"1210",1996-03-20,0.3128,8390
"1211",1996-03-25,0.568,8395
"1212",1996-03-27,0.357,8397
"1213",1996-04-03,0.1786,8404
"1214",1996-04-08,0.1622,8408
"1215",1996-04-10,0.1656,8410
"1216",1996-04-17,0.1794,8417
"1217",1996-04-22,0.274,8422
"1218",1996-04-24,0.1584,8424
"1219",1996-05-01,0.1068,8431
"1220",1996-05-06,0.0954,8436
"1221",1996-05-08,0.078,8438
"1222",1996-05-15,0.104,8445
"1223",1996-05-20,0.194,8450
"1224",1996-05-22,0.1024,8452
"1225",1996-05-29,0.122,8459
"1226",1996-06-03,0.2654,8464
"1227",1996-06-05,0.2534,8466
"1228",1996-06-12,0.1766,8473
"1229",1996-06-18,0.198,8479
"1230",1996-06-19,0.1082,8480
"1231",1996-06-26,0.071,8487
"1232",1996-07-01,0.0496,8492
"1233",1996-07-03,0.048,8494
"1234",1996-07-10,0.091,8501
"1235",1996-07-15,0.10375,8506
"1236",1996-07-16,0.0666,8507
"1237",1996-07-24,0.0416,8515
"1238",1996-07-30,0.053,8521
"1239",1996-07-31,0.0414,8522
"1240",1996-08-07,0.0314,8529
"1241",1996-08-13,0.0652,8535
"1242",1996-08-14,0.116,8536
"1243",1996-08-21,0.0692,8543
"1244",1996-08-26,0.067,8548
"1245",1996-08-28,0.0622,8550
"1246",1996-09-04,0.0414,8557
"1247",1996-09-09,0.05075,8562
"1248",1996-09-10,0.0276,8563
"1249",1996-09-18,0.0256,8571
"1250",1996-09-23,0.0194,8576
"1251",1996-09-25,0.01,8578
"1252",1996-10-02,0.0162,8585
"1253",1996-10-07,0.03925,8590
"1254",1996-10-09,0.0774,8592
"1255",1996-10-16,0.0744,8599
"1256",1996-10-21,0.1188,8604
"1257",1996-10-23,0.0914,8606
"1258",1996-10-30,0.0566,8614
"1259",1996-11-04,0.102,8619
"1260",1996-11-06,0.0554,8621
"1261",1996-11-13,0.0542,8628
"1262",1996-11-18,0.0724,8633
"1263",1996-11-20,0.0794,8635
"1264",1996-12-02,0.115,8647
"1265",1996-12-16,0.0898,8661
"1266",1996-12-30,0.217,8675
"1267",1997-01-13,0.0876,8689
"1268",1997-01-27,0.159,8703
"1269",1997-02-10,0.0172,8717
"1270",1997-02-24,0.09,8731
"1271",1997-03-10,0.0316,8745
"1272",1997-03-24,0.051,8759
"1273",1997-04-07,0.015,8772
"1274",1997-04-21,0.115,8786
"1275",1997-05-05,0.1816,8800
"1276",1997-05-19,0.118,8814
"1277",1997-06-02,0.06,8828
"1278",1997-06-16,0.157,8842
"1279",1997-06-30,0.0348,8856
"1280",1997-07-14,0.037,8870
"1281",1997-07-28,0.032,8884
"1282",1997-08-11,0.0422,8898
"1283",1997-08-25,0.12,8912
"1284",1997-09-08,0.0516,8926
"1285",1997-09-22,0.12,8940
"1286",1997-10-06,0.073,8954
"1287",1997-10-20,0.0628,8968
"1288",1997-11-03,0.0804,8983
"1289",1997-11-17,0.264,8997
"1290",1997-12-01,0.303,9011
"1291",1997-12-22,0.1982,9032
"1292",1998-01-05,0.334,9046
"1293",1998-01-20,0.1014,9061
"1294",1998-02-02,0.1908,9074
"1295",1998-02-17,0.234,9089
"1296",1998-03-02,0.18475,9102
"1297",1998-03-16,0.478,9116
"1298",1998-04-06,0.1024,9136
"1299",1998-04-20,0.325,9150
"1300",1998-05-04,0.2076,9164
"1301",1998-05-18,0.275,9178
"1302",1998-06-01,0.0704,9192
"1303",1998-06-15,0.078,9206
"1304",1998-06-29,0.0142,9220
"1305",1998-07-13,0.0474,9234
"1306",1998-07-27,0.014,9248
"1307",1998-08-10,0.023,9262
"1308",1998-08-24,0.055,9276
"1309",1998-09-08,0.0248,9291
"1310",1998-09-21,0.522,9304
"1311",1998-10-05,0.0514,9318
"1312",1998-10-19,0.34,9332
"1313",1998-11-02,0.3746,9347
"1314",1998-11-16,0.204,9361
"1315",1998-11-30,0.2312,9375
"1316",1998-12-14,0.2376,9389
"1317",1998-12-28,0.448,9403
"1318",1999-01-11,0.2624,9417
"1319",1999-01-25,0.323,9431
"1320",1999-02-08,0.1174,9445
"1321",1999-02-22,0.117,9459
"1322",1999-03-08,0.0048,9473
"1323",1999-03-22,0.033,9487
"1324",1999-04-05,0.002,9500
"1325",1999-04-19,NA,9514
"1326",1999-05-03,NA,9528
"1327",1999-05-17,NA,9542
"1328",1999-06-07,NA,9563
"1329",1999-06-21,0.094,9577
"1330",1999-07-12,0.0286,9598
"1331",1999-07-26,0.091,9612
"1332",1999-08-09,0.077,9626
"1333",1999-08-23,0.188,9640
"1334",1999-09-07,0.0714,9655
"1335",1999-09-20,0.192,9668
"1336",1999-10-04,0.1065,9682
"1337",1999-10-18,0.082,9696
"1338",1999-11-01,0.1385,9711
"1339",1999-11-15,0.811,9725
"1340",1999-12-13,0.5054,9753
"1341",1999-12-27,0.686,9767
"1342",2000-01-10,0.3525,9781
"1343",2000-01-24,0.274,9795
"1344",2000-02-07,0.1455,9809
"1345",2000-02-22,0.01,9824
"1346",2000-03-06,0.0046,9837
"1347",2000-03-20,0.012,9851
"1348",2000-04-03,0.0032,9864
"1349",2000-04-17,0.025,9878
"1350",2000-05-01,NA,9892
"1351",2000-05-15,NA,9906
"1352",2000-06-12,NA,9934
"1353",2000-06-26,NA,9948
"1354",2000-07-10,NA,9962
"1355",2000-07-24,0.005,9976
"1356",2000-08-07,0.0902,9990
"1357",2000-08-21,0.035,10004
"1358",2000-09-05,0.2026,10019
"1359",2000-09-18,0.038,10032
"1360",2000-10-02,0.049,10046
"1361",2000-10-16,0.167,10060
"1362",2000-11-13,0.191,10089
"1363",2000-12-04,0.196,10110
"1364",2000-12-18,0.187,10124
"1365",2001-01-08,0.1085,10145
"1366",2001-01-22,0.179,10159
"1367",2001-02-05,0.0736,10173
"1368",2001-02-20,0.049,10188
"1369",2001-03-05,0.0244,10201
"1370",2001-03-19,0.017,10215
"1371",2001-04-02,NA,10228
"1372",2001-04-16,NA,10242
"1373",2001-04-30,0.002,10256
"1374",2001-05-14,0.004,10270
"1375",2001-06-05,5e-04,10292
"1376",2001-06-18,NA,10305
"1377",2001-07-02,NA,10319
"1378",2001-07-16,0.451,10333
"1379",2001-07-30,0.1398,10347
"1380",2001-08-13,0.093,10361
"1381",2001-08-27,0.0472,10375
"1382",2001-09-10,0.179,10389
"1383",2001-09-24,0.0078,10403
"1384",2001-10-08,0.104,10417
"1385",2001-10-22,0.121,10431
"1386",2001-11-05,0.283,10446
"1387",2001-11-19,0.2146,10460
"1388",2001-12-03,0.445,10474
"1389",2001-12-17,0.292833333333333,10488
"1390",2002-01-07,0.2075,10509
"1391",2002-01-22,0.299,10524
"1392",2002-02-04,0.0605,10537
"1393",2002-02-19,0.106,10552
"1394",2002-03-04,0.106,10565
"1395",2002-03-18,0.035,10579
"1396",2002-04-01,0.043,10593
"1397",2002-04-15,NA,10606
"1398",2002-04-29,NA,10620
"1399",2002-05-13,NA,10634
"1400",2002-05-28,NA,10649
"1401",2002-06-10,NA,10662
"1402",2002-06-24,0.108,10676
"1403",2002-07-08,0.094,10690
"1404",2002-07-22,0.028,10704
"1405",2002-08-05,0.01,10718
"1406",2002-09-03,0.247,10747
"1407",2002-09-16,0.092,10760
"1408",2002-10-28,0.216,10803
"1409",2002-11-12,0.232,10818
"1410",2002-11-25,0.343,10831
"1411",2002-12-09,0.283,10845
"1412",2002-12-30,0.399,10866
"1413",2003-01-13,0.359,10880
"1414",2003-01-27,0.493,10894
"1415",2003-02-10,0.381,10908
"1416",2003-02-24,0.246,10922
"1417",2003-03-10,0.247,10936
"1418",2003-03-24,0.182,10950
"1419",2003-04-07,0.314,10963
"1420",2003-04-21,0.014,10977
"1421",2003-05-05,NA,10991
"1422",2003-05-19,0.008,11005
"1423",2003-06-02,0.005,11019
"1424",2003-06-16,0.004,11033
"1425",2003-07-21,0.068,11068
"1426",2003-08-04,0.079,11082
"1427",2003-09-02,0.152,11111
"1428",2003-09-15,0.0985,11124
"1429",2003-10-06,0.149,11145
"1430",2003-10-20,0.261,11159
"1431",2003-11-03,0.384,11174
"1432",2003-11-17,0.324,11188
"1433",2003-12-01,0.472,11202
"1434",2003-12-15,0.376,11216
"1435",2004-01-20,0.146,11252
"1436",2004-02-02,0.164,11265
"1437",2004-02-17,0.143,11280
"1438",2004-04-05,0.137,11327
"1439",2004-04-19,0.164,11341
"1440",2004-05-03,0.071,11355
"1441",2004-05-17,0.006,11369
"1442",2004-06-07,NA,11390
"1443",2004-06-21,NA,11404
"1444",2004-07-12,0.007,11425
"1445",2004-07-26,0.019,11439
"1446",2004-08-09,0.088,11453
"1447",2004-08-23,0.042,11467
"1448",2004-09-13,0.012,11488
"1449",2004-10-04,0.0045,11509
"1450",2004-10-18,0.159,11523
"1451",2004-11-01,0.577,11538
"1452",2004-11-15,0.62,11552
"1453",2004-12-06,0.3355,11573
"1454",2004-12-20,0.602,11587
"1455",2005-01-03,0.569,11601
"1456",2005-01-18,0.354,11616
"1457",2005-01-31,0.244,11629
"1458",2005-02-14,0.022,11643
"1459",2005-02-28,0.017,11657
"1460",2005-03-14,0.082,11671
"1461",2005-04-04,0.257,11691
"1462",2005-04-18,0.455,11705
"1463",2005-05-02,0.325,11719
"1464",2005-05-16,0.066,11733
"1465",2005-06-13,0.054,11761
"1466",2005-06-27,0.101,11775
"1467",2005-07-11,0.18,11789
"1468",2005-07-25,0.29,11803
"1469",2005-08-08,0.218,11817
"1470",2005-08-22,0.119,11831
"1471",2005-09-06,0.169,11846
"1472",2005-09-20,0.485,11860
"1473",2005-10-03,0.2385,11873
"1474",2005-10-17,0.21,11887
"1475",2005-11-01,0.084,11903
"1476",2005-11-14,0.196,11916
"1477",2005-12-05,0.312,11937
"1478",2005-12-19,0.422,11951
"1479",2006-01-09,0.2735,11972
"1480",2006-01-23,0.526,11986
"1481",2006-02-06,0.979,12000
"1482",2006-02-21,0.321,12015
"1483",2006-03-06,0.155,12028
"1484",2006-03-20,0.397,12042
"1485",2006-04-03,0.318,12055
"1486",2006-04-17,0.221,12069
"1487",2006-05-08,0.102,12090
"1488",2006-05-22,0.019,12104
"1489",2006-06-05,NA,12118
"1490",2006-06-19,NA,12132
"1491",2006-07-05,0.015,12148
"1492",2006-07-17,0.05,12160
"1493",2006-08-07,0.019,12181
"1494",2006-08-21,0.029,12195
"1495",2006-09-11,0.096,12216
"1496",2006-09-25,0.18,12230
"1497",2006-10-09,0.318,12244
"1498",2006-10-23,0.36,12258
"1499",2006-11-14,0.361,12281
"1500",2006-11-27,0.371,12294
"1501",2006-12-04,0.351,12301
"1502",2006-12-18,0.399,12315
"1503",2007-01-08,0.232,12336
"1504",2007-01-22,0.321,12350
"1505",2007-02-12,0.082,12371
"1506",2007-02-26,0.106,12385
"1507",2007-03-12,0.009,12398
"1508",2007-03-26,NA,12412
"1509",2007-04-09,NA,12426
"1510",2007-04-23,NA,12440
"1511",2007-05-07,0.011,12454
"1512",2007-05-21,NA,12468
"1513",2007-06-05,NA,12483
"1514",2007-06-18,0.005,12496
"1515",2007-07-09,0.098,12517
"1516",2007-07-23,0.007,12531
"1517",2007-08-06,0.023,12545
"1518",2007-08-20,0.052,12559
"1519",2007-09-10,0.2,12580
"1520",2007-09-24,0.21,12594
"1521",2007-10-08,0.06,12608
"1522",2007-10-22,0.129,12622
"1523",2007-11-13,0.406,12645
"1524",2007-11-26,0.393,12658
"1525",2007-12-05,0.404,12667
"1526",2007-12-19,0.419,12681
"1527",2008-01-02,0.406,12695
"1528",2008-01-16,0.408,12709
"1529",2008-02-06,0.379,12730
"1530",2008-02-20,0.413,12744
"1531",2008-03-05,0.328,12758
"1532",2008-03-19,0.269,12771
"1533",2008-04-02,0.149,12785
"1534",2008-04-16,0.04,12799
"1535",2008-05-14,0.005,12827
"1536",2008-05-28,0.029,12841
"1537",2008-06-11,0.02,12855
"1538",2008-06-25,0.008,12869
"1539",2008-07-16,0.018,12890
"1540",2008-07-30,0.013,12904
"1541",2008-08-13,0.053,12918
"1542",2008-08-28,NA,12933
"1543",2008-09-10,0.025,12946
"1544",2008-09-24,0.51,12960
"1545",2008-10-08,0.405,12974
"1546",2008-10-22,0.214,12988
"1547",2008-11-05,0.49,13003
"1548",2008-11-19,0.491,13017
"1549",2008-12-03,0.532,13031
"1550",2008-12-17,0.535,13045
"1551",2009-01-07,0.353,13066
"1552",2009-01-21,0.312,13080
"1553",2009-02-04,0.186,13094
"1554",2009-02-18,0.005,13108
"1555",2009-03-11,0.013,13128
"1556",2009-03-25,0.011,13142
"1557",2009-04-08,0.007,13156
"1558",2009-04-22,NA,13170
"1559",2009-05-06,NA,13184
"1560",2009-05-20,NA,13198
"1561",2009-06-03,0.008,13212
"1562",2009-06-17,0.005,13226
"1563",2009-07-08,0.06,13247
"1564",2009-07-22,0.086,13261
"1565",2009-08-12,0.101,13282
"1566",2009-08-26,0.177,13296
"1567",2009-09-09,0.0345,13310
"1568",2009-09-23,0.108,13324
"1569",2009-10-14,0.174,13345
"1570",2009-10-28,0.406,13359
"1571",2009-11-04,0.2005,13367
"1572",2009-11-18,0.446,13381
"1573",2009-12-09,0.445,13402
"1574",2009-12-23,0.424,13416
"1575",2010-01-13,0.434,13437
"1576",2010-01-27,0.323,13451
"1577",2010-02-10,0.142,13465
"1578",2010-02-24,0.111,13479
"1579",2010-03-03,5e-04,13486
"1580",2010-03-17,0.178,13499
"1581",2010-04-07,0.187,13520
"1582",2010-04-21,0.248,13534
"1583",2010-05-12,0.181,13555
"1584",2010-05-26,0.343,13569
"1585",2010-06-16,0.316,13590
"1586",2010-06-30,0.259,13604
"1587",2010-07-14,0.046,13618
"1588",2010-07-28,0.065,13632
"1589",2010-08-04,0.384,13639
"1590",2010-08-18,0.384,13653
"1591",2010-09-15,0.069,13681
"1592",2010-09-29,0.291,13695
"1593",2010-10-13,0.378,13709
"1594",2010-10-27,0.331,13723
"1595",2010-11-03,0.328,13730
"1596",2010-11-17,0.365,13745
"1597",2010-12-01,0.368,13759
"1598",2010-12-13,0.351,13771
"1599",2011-01-05,0.291,13794
"1600",2011-01-20,0.249,13809
"1601",2011-02-03,0.246,13823
"1602",2011-02-17,0.221,13837
"1603",2011-03-02,0.14,13850
"1604",2011-03-16,0.044,13863
"1605",2011-04-06,0.064,13884
"1606",2011-04-20,NA,13898
"1607",2011-05-04,NA,13912
"1608",2011-05-18,NA,13926
"1609",2011-06-08,0.016,13947
"1610",2011-06-22,NA,13961
"1611",2011-07-06,NA,13975
"1612",2011-07-20,0.008,13989
"1613",2011-08-10,0.029,14010
"1614",2011-08-24,0.107,14024
"1615",2011-09-07,0.194,14038
"1616",2011-09-21,0.119,14052
"1617",2011-10-05,0.13,14066
"1618",2011-10-19,0.106,14080
"1619",2011-11-02,0.217,14094
"1620",2011-11-16,0.234,14109
"1621",2011-12-07,0.52,14130
"1622",2011-12-21,0.457,14144
"1623",2012-01-04,0.425,14158
"1624",2012-01-18,0.353,14172
"1625",2012-02-08,0.299,14193
"1626",2012-02-22,0.292,14207
"1627",2012-03-07,0.281,14221
"1628",2012-03-21,0.288,14234
"1629",2012-04-04,0.217,14248
"1630",2012-04-18,0.06,14262
"1631",2012-05-02,0.005,14276
"1632",2012-05-16,0.01,14290
"1633",2012-06-06,0.02,14311
"1634",2012-06-20,0.007,14325
"1635",2012-07-11,0.039,14346
"1636",2012-07-25,0.054,14360
"1637",2012-08-08,0.031,14374
"1638",2012-08-22,0.024,14388
"1639",2012-09-05,0.005,14402
"1640",2012-09-20,0.205,14417
"1641",2012-10-03,0.171,14430
"1642",2012-10-17,0.177,14444
"1643",2012-11-14,0.419,14473
"1644",2012-11-28,0.508,14487
"1645",2012-12-05,0.502,14494
"1646",2012-12-19,0.461,14508
"1647",2013-01-09,0.444,14529
"1648",2013-01-23,0.429,14543
"1649",2013-02-06,0.378,14557
"1650",2013-02-21,0.261,14572
"1651",2013-03-06,0.198,14585
"1652",2013-03-20,0.06,14598
"1653",2013-04-03,NA,14612
"1654",2013-04-17,NA,14626
"1655",2013-05-08,NA,14647
"1656",2013-05-22,NA,14661
"1657",2013-06-05,NA,14675
"1658",2013-06-19,0.034,14689
"1659",2013-07-10,0.068,14710
"1660",2013-07-24,0.097,14724
"1661",2013-08-07,0.059,14738
"1662",2013-08-21,0.196,14752
"1663",2013-09-04,0.318,14766
"1664",2013-09-18,0.159,14780
"1665",2013-10-07,0.17,14799
"1666",2013-10-21,0.076,14813
"1667",2013-11-04,0.45,14828
"1668",2013-11-18,0.432,14842
"1669",2013-12-02,0.463,14856
"1670",2013-12-16,0.424,14870
"1671",2014-01-06,0.43,14891
"1672",2014-01-21,0.418,14906
"1673",2014-02-03,0.324,14919
"1674",2014-02-17,0.263,14933
"1675",2014-03-03,0.062,14947
"1676",2014-03-17,0.08,14960
"1677",2014-04-07,NA,14981
"1678",2014-04-21,0.01,14995
"1679",2014-05-05,0.009,15009
"1680",2014-05-19,NA,15023
"1681",2014-06-09,NA,15044
"1682",2014-06-23,0.026,15058
"1683",2014-07-07,0.031,15072
"1684",2014-07-21,0.078,15086
"1685",2014-08-04,0.143,15100
"1686",2014-08-18,0.1,15114
"1687",2014-09-08,0.242,15135
"1688",2014-09-22,0.324,15149
"1689",2014-10-06,0.16,15163
"1690",2014-10-20,0.099,15177
"1691",2014-11-03,0.224,15192
"1692",2014-11-17,0.431,15206
"1693",2014-12-01,0.464,15220
"1694",2014-12-15,0.441,15234
"1695",2015-01-05,0.378,15255
"1696",2015-01-20,0.338,15270
"1697",2015-02-02,0.317,15283
"1698",2015-02-16,0.325,15297
"1699",2015-03-02,0.215,15311
"1700",2015-03-16,0.144,15324
"1701",2015-04-06,0.076,15345
"1702",2015-04-20,0.071,15359
"1703",2015-05-04,0.058,15373
"1704",2015-05-18,0.009,15387
"1705",2015-06-01,0.104,15401
"1706",2015-06-15,0.115,15415
"1707",2015-07-06,0.095,15436
"1708",2015-07-20,0.066,15450
"1709",2015-08-03,0.139,15464
"1710",2015-08-17,0.033,15478
"1711",2015-08-31,0.091,15492
"1712",2015-09-14,0.091,15506
"1713",2015-09-28,0.123,15520
"1714",2015-10-12,0.183,15534
"1715",2015-10-26,0.346,15548
"1716",2015-11-09,0.436,15563
"1717",2015-11-23,0.498,15577
"1718",2015-12-07,0.211,15591
"1719",2015-12-21,0.294,15605
"1720",2016-01-04,0.389,15619
"1721",2016-01-20,0.164,15635
"1722",2016-02-01,0.122,15647
"1723",2016-02-15,0.229,15661
"1724",2016-02-29,0.399,15675
"1725",2016-03-14,0.454,15688
"1726",2016-03-28,0.423,15702
"1727",2016-04-11,0.09,15716
"1728",2016-04-25,0.221,15730
"1729",2016-05-09,0.279,15744
"1730",2016-05-23,0.119,15758
"1731",2016-06-06,0.068,15772
"1732",2016-06-20,0.105,15786
"1733",2016-07-06,0.182,15802
"1734",2016-07-18,0.533,15814
"1735",2016-08-01,0.459,15828
"1736",2016-08-15,0.071,15842
"1737",2016-08-29,0.112,15856
"1738",2016-09-12,0.057,15870
"1739",2016-09-26,0.134,15884
"1740",2016-10-10,0.114,15898
"1741",2016-10-24,0.448,15912
"1742",2016-11-07,0.808,15927
"1743",2016-11-21,0.648,15941
"1744",2016-12-05,0.56,15955
"1745",2016-12-19,0.502,15969
"1746",2017-01-04,0.5,15985
"1747",2017-01-17,0.469,15998
"1748",2017-01-30,0.427,16011
"1749",2017-02-13,0.254,16025
"1750",2017-02-27,0.172,16039
"1751",2017-03-14,0.044,16053
"1752",2017-03-27,0.018,16066
"1753",2017-04-10,NA,16080
"1754",2017-04-24,NA,16094
"1755",2017-05-08,0.014,16108
"1756",2017-05-22,0.006,16122
"1757",2017-06-05,0.034,16136
"1758",2017-06-19,0.021,16150
"1759",2017-07-05,0.022,16166
"1760",2017-07-17,0.05,16178
"1761",2017-07-31,0.084,16192
"1762",2017-08-01,0.034,16193
"1763",2017-08-14,0.068,16206
"1764",2017-08-28,0.132,16220
"1765",2017-09-13,0.014,16236
"1766",2017-09-25,0.018,16248
"1767",2017-10-09,0.045,16262
"1768",2017-10-23,0.073,16276
"1769",2017-11-06,0.196,16291
"1770",2017-11-20,0.263,16305
"1771",2017-12-04,0.895,16319
"1772",2017-12-18,0.521,16333
"1773",2018-01-02,0.748,16348
"1774",2018-01-16,0.949,16362
"1775",2018-01-29,0.911,16375
"1776",2018-02-12,0.655,16389
"1777",2018-02-26,0.431,16403
"1778",2018-03-12,0.374,16416
"1779",2018-04-09,0.016,16444
"1780",2018-04-23,0.082,16458
"1781",2018-05-07,0.009,16472
"1782",2018-05-21,0.083,16486
"1783",2018-06-04,0.126,16500
"1784",2018-06-18,0.182,16514
"1785",2018-07-02,0.106,16528
"1786",2018-07-16,0.192,16542
"1787",2018-07-30,0.114,16556
"1788",2018-08-13,0.383,16570
"1789",2018-08-27,0.326,16584
"1790",2018-09-10,0.222,16598
"1791",2018-09-24,0.181,16612
"1792",2018-10-22,0.224,16640
"1793",2018-11-19,0.24,16669
"1794",2018-12-03,0.222,16683
"1795",2018-12-17,0.239,16697
"1796",2019-01-02,0.142,16713
"1797",2019-01-14,0.106,16725
"1798",2019-01-28,0.113,16739
"1799",2019-02-11,0.169,16753
"1800",2019-02-25,0.177,16767
"1801",2019-03-11,0.223,16780
"1802",2019-04-08,NA,16808
"1803",2019-05-06,0.005,16836
"1804",2019-06-03,NA,16864
"1805",2019-07-01,0.018,16892
"1806",2019-07-15,0.038,16906
"1807",2019-07-29,0.013,16920
"1808",2019-08-12,0.052,16934
"1809",2019-08-26,0.042,16948
"1810",2019-09-09,0.21,16962
"1811",2019-09-23,0.525,16976
"1812",2019-10-07,0.27,16990
"1813",2019-10-21,0.303,17004
"1814",2019-11-18,0.214,17033
"1815",2019-12-16,0.084,17061
"1816",2019-12-30,0.246,17075
"1817",2020-01-13,0.277,17089
"1818",2020-01-27,0.487,17103
"1819",2020-02-10,0.455,17117
"1820",2020-02-24,0.251,17131
"1821",2020-03-09,0.158,17144
"1822",2020-03-23,0.103,17158
"1823",2020-04-06,0.062,17172
"1824",2020-04-20,0.122,17186
"1825",2020-05-04,0.071,17200
"1826",2020-05-18,NA,17214
"1827",2020-06-01,0.026,17228
"1828",2020-06-15,0.018,17242
"1829",2020-06-29,0.027,17256
"1830",2020-07-13,0.016,17270
"1831",2020-07-27,0.036,17284
"1832",2020-08-10,0.142,17298
"1833",2020-08-24,0.116,17312
"1834",2020-09-08,0.122,17327
"1835",2020-09-21,0.085,17340
"1836",2020-10-05,0.082,17354
"1837",2020-10-19,0.166,17368
"1838",2020-11-02,0.472,17383
"1839",2020-11-30,0.403,17411
"1840",2020-12-14,1.213,17425
"1841",2020-12-28,1.095,17439
"1842",2021-01-11,1.018,17453
"1843",2021-02-08,0.803,17481
"1844",2021-02-22,0.391,17495
"1845",2021-03-08,0.181,17509
"1846",2021-04-05,0.041,17536
"1847",2021-04-19,0.09,17550
"1848",2021-05-03,0.045,17564
"1849",2021-06-01,NA,17593
"1850",2021-06-28,NA,17620
"1851",2021-07-12,0.083,17634
"1852",2021-07-26,0.073,17648
"1853",2021-08-23,0.136,17676
"1854",2021-09-20,0.045,17704
"1855",2021-12-27,0.153,17803
"1856",2022-01-10,0.105,17817
"1857",2022-02-07,0.047,17845
"1858",2022-02-21,0.036,17859
"1859",2022-03-07,NA,17873
"1860",2022-04-04,NA,17900
"1861",2022-05-02,0.014,17928
"1862",2022-05-31,0.021,17957
"1863",2022-06-27,0.022,17984
"1864",2022-07-25,0.017,18012
"1865",2022-08-22,0.098,18040
"1866",2022-09-19,0.086,18068
"1867",2022-10-03,0.022,18082
"1868",2022-10-17,0.047,18096
"1869",2022-10-31,0.208,18110
"1870",2022-11-14,0.209,18125
"1871",2022-11-28,0.187,18139
"1872",2022-12-12,0.261,18153
"1873",2022-12-27,0.488,18168
"1874",2023-01-09,0.375,18181
"1875",2023-02-06,0.455,18209
"1876",2023-02-20,0.834,18223
"1877",2023-03-06,0.171,18237
"1878",2023-03-20,0.222,18250
"1879",2023-04-03,0.056,18264
"1880",2023-05-01,NA,18292
